list_GFL,bus_number,apex,nadir
30,30,-2.0050627824730327e-12,-0.006635034292566936
34,30,-2.0050627824730327e-12,-0.006635034292566936
32,30,-2.0050627824730327e-12,-0.006635034292566936
30,31,-2.0050627824730327e-12,-0.007806140838162561
34,31,-2.0050627824730327e-12,-0.007806140838162561
32,31,-2.0050627824730327e-12,-0.007806140838162561
30,32,-2.0050627824730327e-12,-0.007414158340702876
34,32,-2.0050627824730327e-12,-0.007414158340702876
32,32,-2.0050627824730327e-12,-0.007414158340702876
30,33,-2.0050627824730327e-12,-0.009189700388329803
34,33,-2.0050627824730327e-12,-0.009189700388329803
32,33,-2.0050627824730327e-12,-0.009189700388329803
30,34,-2.0050627824730327e-12,-0.009643658645420819
34,34,-2.0050627824730327e-12,-0.009643658645420819
32,34,-2.0050627824730327e-12,-0.009643658645420819
30,35,-2.0050627824730327e-12,-0.020497146977445743
34,35,-2.0050627824730327e-12,-0.020497146977445743
32,35,-2.0050627824730327e-12,-0.020497146977445743
30,36,-2.0050627824730327e-12,-0.017679177938989682
34,36,-2.0050627824730327e-12,-0.017679177938989682
32,36,-2.0050627824730327e-12,-0.017679177938989682
30,37,-2.0050627824730327e-12,-0.006440200788902101
34,37,-2.0050627824730327e-12,-0.006440200788902101
32,37,-2.0050627824730327e-12,-0.006440200788902101
30,38,-2.0050627824730327e-12,-0.007500770632608417
34,38,-2.0050627824730327e-12,-0.007500770632608417
32,38,-2.0050627824730327e-12,-0.007500770632608417
30,39,-2.0050627824730327e-12,-0.00410046566497888
34,39,-2.0050627824730327e-12,-0.00410046566497888
32,39,-2.0050627824730327e-12,-0.00410046566497888
