t_s,df_hz
0.0,-7.347455976969286e-12
0.01,-7.347455976969286e-12
0.02,-7.343459174080635e-12
0.03,-7.344791441710186e-12
0.04,-7.340794638821535e-12
0.05,-7.347455976969286e-12
0.06,-7.344791441710186e-12
0.07,-7.347455976969286e-12
0.08,-7.344791441710186e-12
0.09,-7.347455976969286e-12
0.1,-7.347455976969286e-12
0.11,0.0014643882146460258
0.12,0.002836853304937666
0.13,0.003797242339774981
0.14,0.004373601475435392
0.15,0.004676797006009996
0.16,0.004718140093533741
0.17,0.004548565574558568
0.18,0.0042158081420753165
0.19,0.0037679018247068264
0.2,0.0032434798219202698
0.21,0.0026743490572778746
0.22,0.0020851220914725054
0.23,0.0014946599423023344
0.24,0.0009168384637826553
0.25,0.00036146842876668745
0.26,-0.00016500572896646206
0.27,-0.0006588358147174331
0.28,-0.0011184050330506176
0.29,-0.001543721856601964
0.3,-0.0019359920704374524
0.31,-0.0022972561385721105
0.32,-0.0026300909270822737
0.33,-0.0029373683017242676
0.34,-0.003222064435389355
0.35,-0.0034871130551055052
0.36,-0.0037352959874253095
0.37,-0.0039691652760707125
0.38,-0.004190991352047895
0.39,-0.004402732881096959
0.4,-0.0046060239813772
0.41,-0.004802175839696233
0.42,-0.00499218886791541
0.43,-0.005176773617995486
0.44,-0.005356377729900262
0.45,-0.0055312166710306575
0.46,-0.0057013069640827465
0.47,-0.00586650022972283
0.48,-0.006026516533985197
0.49,-0.006180976547676196
0.5,-0.006329431346993957
0.51,-0.00647138949650615
0.52,-0.006606341080492706
0.53,-0.006733778447061274
0.54,-0.006853213702247572
0.55,-0.006964193021936491
0.56,-0.007066307945329778
0.57,-0.00715920394788103
0.58,-0.007242586509959316
0.59,-0.0073162249766188965
0.6,-0.007379954599975029
0.61,-0.0074336769318563275
0.62,-0.0074773588805886505
0.63,-0.007511030788985024
0.64,-0.007534783587526867
0.65,-0.007548765342079172
0.66,-0.0075531773903388805
0.67,-0.0075482700837521555
0.68,-0.007534338456193312
0.69,-0.007511717742396732
0.7,-0.007480778940787757
0.71,-0.007441924457642516
0.72,-0.007395583861323218
0.73,-0.0073422098188026625
0.74,-0.00728227419369152
0.75,-0.007216264341018096
0.76,-0.0071446796124386746
0.77,-0.0070680280364832015
0.78,-0.006986823191947349
0.79,-0.006901581256859664
0.8,-0.0068128182197373125
0.81,-0.006721047243297716
0.82,-0.00662677617025924
0.83,-0.006530505168419718
0.84,-0.006432724491888207
0.85,-0.006333912375761954
0.86,-0.006234533053630921
0.87,-0.006135034887906496
0.88,-0.006035848636248588
0.89,-0.005937385845683643
0.9,-0.005840037377997558
0.91,-0.005744172088434236
0.92,-0.00565013564055905
0.93,-0.005558249487164488
0.94,-0.005468810022790381
0.95,-0.005382087872228208
0.96,-0.005298327380379209
0.97,-0.0052177462784207315
0.98,-0.005140535484311081
0.99,-0.005066859117889772
1.0,-0.004996854679450147
1.01,-0.004930633354230416
1.02,-0.004868280522777116
1.03,-0.00480985639741551
1.04,-0.004755396780379212
1.05,-0.004704913990812467
1.06,-0.0046583978648021655
1.07,-0.004615816881881917
1.08,-0.004577119377918441
1.09,-0.00454223482564999
1.1,-0.004511075188274308
1.11,-0.004483536307116395
1.12,-0.004459499337598099
1.13,-0.0044388322081913316
1.14,-0.0044213910762809965
1.15,-0.0044070217974801085
1.16,-0.004395561383766666
1.17,-0.004386839430977422
1.18,-0.004380679527396819
1.19,-0.004376900621070488
1.2,-0.004375318344223361
1.21,-0.004375746288277972
1.22,-0.004377997221992244
1.23,-0.004381884252416832
1.24,-0.004387221919994576
1.25,-0.004393827229481729
1.26,-0.004401520610616207
1.27,-0.00441012680707917
1.28,-0.004419475695886127
1.29,-0.004429403030536582
1.3,-0.00443975111417661
1.31,-0.00445036939667783
1.32,-0.004461114998115848
1.33,-0.0044718531638679795
1.34,-0.00448245764474603
1.35,-0.0044928110069733015
1.36,-0.004502804878634691
1.37,-0.004512340120527313
1.38,-0.004521326945298321
1.39,-0.004529684963364991
1.4,-0.004537343172654567
1.41,-0.00454423989835137
1.42,-0.004550322670364049
1.43,-0.004555548050634856
1.44,-0.004559881423323645
1.45,-0.004563296730495236
1.46,-0.004565776168351751
1.47,-0.004567309855625315
1.48,-0.004567895462501962
1.49,-0.004567537807738872
1.5,-0.004566248436712197
1.51,-0.004564045176107044
1.52,-0.004560951669396241
1.53,-0.004556996900006484
1.54,-0.004552214702774214
1.55,-0.004546643270593396
1.56,-0.004540324655990654
1.57,-0.0045333042731053015
1.58,-0.00452563040593484
1.59,-0.0045173537184701636
1.6,-0.00450852677740949
1.61,-0.004499203586197015
1.62,-0.004489439132400534
1.63,-0.004479288953300169
1.64,-0.004468808719281671
1.65,-0.004458053838226641
1.66,-0.0044470790819224415
1.67,-0.0044359382365726915
1.68,-0.004424683776992508
1.69,-0.0044133665672291475
1.7,-0.004402035588341319
1.71,-0.0043907376905174345
1.72,-0.0043795173745304105
1.73,-0.004368416601014417
1.74,-0.004357474623596221
1.75,-0.004346727851773759
1.76,-0.004336209740913212
1.77,-0.0043259507039357225
1.78,-0.0043159780522636915
1.79,-0.004306315960413958
1.8,-0.004296985451004088
1.81,-0.004288004404731042
1.82,-0.0042793875920886255
1.83,-0.0042711467205460854
1.84,-0.004263290505194833
1.85,-0.004255824753190836
1.86,-0.004248752465587729
1.87,-0.004242073951892373
1.88,-0.0042357869586612425
1.89,-0.004229886809311213
1.9,-0.004224366552191746
1.91,-0.00421921711854254
1.92,-0.0042144274875005605
1.93,-0.004209984854597508
1.94,-0.004205874806248966
1.95,-0.004202081496006802
1.96,-0.004198587822296669
1.97,-0.00419537560676715
1.98,-0.004192425770346753
1.99,-0.0041897185083700356
2.0,-0.004187233461923771
2.01,-0.004184949884690141
2.02,-0.004182846804949742
2.03,-0.004180903181381269
2.04,-0.0041790980520713655
2.05,-0.004177410676055802
2.06,-0.004175820666795809
2.07,-0.004174308116968704
2.08,-0.004172853714095598
2.09,-0.004171438847024421
2.1,-0.00417004570247045
2.11,-0.0041686573514799095
2.12,-0.0041672578263679694
2.13,-0.004165832186711507
2.14,-0.004164366575999716
2.15,-0.004162848268034952
2.16,-0.004161265702491029
2.17,-0.0041596085126235395
2.18,-0.004157867541874076
2.19,-0.00415603485150123
2.2,-0.004154103720707825
2.21,-0.004152068636996825
2.22,-0.004149925278578353
2.23,-0.004147670490577971
2.24,-0.004145302252984765
2.25,-0.0041428196423119274
2.26,-0.004140222788104812
2.27,-0.004137512823340752
2.28,-0.004134691830224041
2.29,-0.004131762782108497
2.3,-0.0041287294814312744
2.31,-0.004125596495048819
2.32,-0.004122369086471666
2.33,-0.004119053147184001
2.34,-0.004115655126003673
2.35,-0.004112181957656151
2.36,-0.004108640991683543
2.37,-0.0041050399211440035
2.38,-0.004101386712279084
2.39,-0.0040976895353792625
2.4,-0.00409395669735095
2.41,-0.004090196576268978
2.42,-0.004086417558383218
2.43,-0.004082627977915122
2.44,-0.004078836059799823
2.45,-0.004075049865831323
2.46,-0.0040712772444554575
2.47,-0.004067525783994567
2.48,-0.004063802770026142
2.49,-0.004060115146929089
2.5,-0.004056469483066761
2.51,-0.004052871940560765
2.52,-0.004049328249267288
2.53,-0.0040458436846448976
2.54,-0.00404242305017902
2.55,-0.00403907066363116
2.56,-0.0040357903473978935
2.57,-0.004032585423008395
2.58,-0.004029458708867238
2.59,-0.004026412522292956
2.6,-0.0040234486845260415
2.61,-0.0040205685290349786
2.62,-0.004017772913211764
2.63,-0.00401506223263601
2.64,-0.004012436437821607
2.65,-0.004009895053719344
2.66,-0.004007437201142207
2.67,-0.0040050616199622645
2.68,-0.004002766694145961
2.69,-0.0040005504780982505
2.7,-0.003998410724173199
2.71,-0.003996344910960005
2.72,-0.003994350272318647
2.73,-0.003992423826963287
2.74,-0.003990562407852486
2.75,-0.003988762691919945
2.76,-0.0039870212294309555
2.77,-0.0039853344728087835
2.78,-0.003983698804989541
2.79,-0.0039821105668637405
2.8,-0.003980566083809126
2.81,-0.003979061691128284
2.82,-0.003977593758222967
2.83,-0.003976158711409116
2.84,-0.0039747530552988325
2.85,-0.003973373392660533
2.86,-0.003972016442626233
2.87,-0.003970679057167283
2.88,-0.00396935823609089
2.89,-0.003968051140004991
2.9,-0.003966755101643921
2.91,-0.003965467635564945
2.92,-0.003964186445925799
2.93,-0.003962909432498631
2.94,-0.003961634695297193
2.95,-0.003960360537197778
2.96,-0.003959085465181662
2.97,-0.003957808190072873
2.98,-0.0039565276247011845
2.99,-0.003955242880765277
3.0,-0.003953953264446422
3.01,-0.003952658270783074
3.02,-0.003951357576966014
3.03,-0.003950051034557432
3.04,-0.0039487386610525445
3.05,-0.003947420630369897
3.06,-0.0039460972627574625
3.07,-0.0039447690142872536
3.08,-0.003943436465625489
3.09,-0.003942100310519033
3.1,-0.003940761344136076
3.11,-0.003939420451080803
3.12,-0.003938078593366583
3.13,-0.0039367367984874165
3.14,-0.003935396147486763
3.15,-0.003934057763303686
3.16,-0.00393272279930797
3.17,-0.003931392428240713
3.18,-0.003930067831495114
3.19,-0.003928750188899164
3.2,-0.003927440668981915
3.21,-0.003926140419860374
3.22,-0.003924850560648816
3.23,-0.003923572173577627
3.24,-0.00392230629671174
3.25,-0.003921053917434716
3.26,-0.003919815966580112
3.27,-0.00391859331327257
3.28,-0.003917386760536801
3.29,-0.003916197041574367
3.3,-0.0039150248167758965
3.31,-0.003913870671413959
3.32,-0.003912735114028707
3.33,-0.003911618575485928
3.34,-0.0039105214086259665
3.35,-0.003909443888589406
3.36,-0.003908386213671303
3.37,-0.003907348506684054
3.38,-0.003906330816938587
3.39,-0.003905333122577406
3.4,-0.003904355333370843
3.41,-0.0039033972939524837
3.42,-0.0039024587873219127
3.43,-0.0039015395386549964
3.44,-0.003900639219415909
3.45,-0.003899757451660753
3.46,-0.0038988938124951775
3.47,-0.003898047838664837
3.48,-0.0038972190312391
3.49,-0.00389640686035979
3.5,-0.003895610769958211
3.51,-0.003894830182489769
3.52,-0.00389406450357851
3.53,-0.0038933131265777654
3.54,-0.003892575436993672
3.55,-0.0038918508168056124
3.56,-0.0038911386485504084
3.57,-0.003890438319231336
3.58,-0.0038897492240449185
3.59,-0.0038890707698119057
3.6,-0.003888402378180196
3.61,-0.0038877434886192682
3.62,-0.003887093561037302
3.63,-0.003886452078231358
3.64,-0.0038858185479429632
3.65,-0.0038851925047558053
3.66,-0.003884573511572563
3.67,-0.003883961160938147
3.68,-0.003883355075958959
3.69,-0.0038827549110528564
3.7,-0.003882160352398956
3.71,-0.0038815711180810834
3.72,-0.003880986958093186
3.73,-0.0038804076539976835
3.74,-0.0038798330184724415
3.75,-0.003879262894555724
3.76,-0.0038786971547805534
3.77,-0.0038781357001112706
3.78,-0.0038775784586896197
3.79,-0.003877025384501293
3.8,-0.003876476455870075
3.81,-0.00387593167390456
3.82,-0.003875391060774058
3.83,-0.0038748546580079694
3.84,-0.0038743225246635252
3.85,-0.0038737947355213537
3.86,-0.0038732713791944534
3.87,-0.0038727525562802317
3.88,-0.0038722383775114215
3.89,-0.00387172896190931
3.9,-0.003871224434986364
3.91,-0.0038707249269942954
3.92,-0.003870230571219554
3.93,-0.0038697415023638275
3.94,-0.003869257854974738
3.95,-0.0038687797620034292
3.96,-0.003868307353379108
3.97,-0.0038678407547770256
3.98,-0.0038673800863995174
3.99,-0.003866925461919556
4.0,-0.0038664769874980393
4.01,-0.003866034760938193
4.02,-0.003865598870925786
4.03,-0.0038651693963978823
4.04,-0.0038647464060169957
4.05,-0.0038643299577392843
4.06,-0.003863920098526534
4.07,-0.003863516864090718
4.08,-0.003863120278830879
4.09,-0.003862730355782607
4.1,-0.003862347096705035
4.11,-0.003861970492226199
4.12,-0.003861600522092278
4.13,-0.0038612371554657726
4.14,-0.003860880351313839
4.15,-0.0038605300588208974
4.16,-0.0038601862179082165
4.17,-0.003859848759759763
4.18,-0.0038595176074049035
4.19,-0.0038591926763084945
4.2,-0.003858873875057395
4.21,-0.0038585611059886115
4.22,-0.0038582542658804927
4.23,-0.0038579532466325854
4.24,-0.0038576579359658617
4.25,-0.003857368218113522
4.26,-0.0038570839744965623
4.27,-0.0038568050843879246
4.28,-0.0038565314255782396
4.29,-0.003856262875016103
4.3,-0.003855999309393484
4.31,-0.0038557406057405643
4.32,-0.003855486641987198
4.33,-0.003855237297447284
4.34,-0.003854992453335573
4.35,-0.0038547519931994723
4.36,-0.003854515803314438
4.37,-0.003854283773055427
4.38,-0.003854055795235831
4.39,-0.0038538317663684616
4.4,-0.0038536115869300205
4.41,-0.0038533951615554673
4.42,-0.0038531823991841724
4.43,-0.003852973213225266
4.44,-0.003852767521610924
4.45,-0.0038525652468445865
4.46,-0.0038523663160385446
4.47,-0.0038521706608869058
4.48,-0.003851978217595084
4.49,-0.00385178892683001
4.5,-0.003851602733606883
4.51,-0.0038514195871512643
4.52,-0.0038512394407380175
4.53,-0.0038510622515431775
4.54,-0.0038508879804327635
4.55,-0.0038507165917629413
4.56,-0.0038505480531703536
4.57,-0.003850382335330008
4.58,-0.003850219411705635
4.59,-0.003850059258356516
4.6,-0.0038499018536209003
4.61,-0.0038497471779317966
4.62,-0.0038495952135137205
4.63,-0.003849445944187928
4.64,-0.0038492993550934347
4.65,-0.0038491554324476007
4.66,-0.003849014163351371
4.67,-0.0038488755355443873
4.68,-0.003848739537184373
4.69,-0.003848606156674729
4.7,-0.003848475382431784
4.71,-0.0038483472027758393
4.72,-0.003848221605688653
4.73,-0.0038480985787291556
4.74,-0.0038479781088450148
4.75,-0.00384786018230207
4.76,-0.003847744784533492
4.77,-0.0038476319000727765
4.78,-0.0038475215124604825
4.79,-0.003847413604196419
4.8,-0.0038473081566507373
4.81,-0.0038472051500909057
4.82,-0.003847104563593596
4.83,-0.003847006375063481
4.84,-0.0038469105612312553
4.85,-0.0038468170976630645
4.86,-0.0038467259587605094
4.87,-0.0038466371178366206
4.88,-0.0038465505471084764
4.89,-0.0038464662177665142
4.9,-0.0038463841000223524
4.91,-0.003846304163194199
4.92,-0.003846226375717468
4.93,-0.0038461507052857916
4.94,-0.0038460771188682987
4.95,-0.0038460055828158013
4.96,-0.003845936062932485
4.97,-0.0038458685245632987
4.98,-0.003845802932674683
4.99,-0.0038457392519329224
5.0,-0.003845677446792325
5.01,-0.0038456174815681013
5.02,-0.0038455593205343097
5.03,-0.003845502927967379
5.04,-0.0038454482682632493
5.05,-0.0038453953059710694
5.06,-0.003845344005880985
5.07,-0.003845294333089562
5.08,-0.003845246253053474
5.09,-0.0038451997316424
5.1,-0.0038451547352060275
5.11,-0.0038451112305948345
5.12,-0.003845069185224719
5.13,-0.0038450285671177615
5.14,-0.0038449893449100745
5.15,-0.00384495148790311
5.16,-0.003844914966058981
5.17,-0.0038448797500709652
5.18,-0.0038448458113141707
5.19,-0.003844813121900739
5.2,-0.003844781654664216
5.21,-0.003844751383176368
5.22,-0.003844722281721726
5.23,-0.003844694325312091
5.24,-0.003844667489683375
5.25,-0.0038446417512529225
5.26,-0.0038446170871288795
5.27,-0.0038445934750937698
5.28,-0.0038445708935809504
5.29,-0.0038445493216319373
5.3,-0.0038445287389183057
5.31,-0.0038445091256610235
5.32,-0.003844490462657828
5.33,-0.003844472731226039
5.34,-0.003844455913164572
5.35,-0.0038444399907754377
5.36,-0.0038444249467689687
5.37,-0.0038444107642880867
5.38,-0.003844397426861281
5.39,-0.0038443849183630342
5.4,-0.0038443732230079544
5.41,-0.003844362325310803
5.42,-0.003844352210064933
5.43,-0.003844342862316431
5.44,-0.003844334267346113
5.45,-0.003844326410625998
5.46,-0.0038443192778353937
5.47,-0.003844312854800557
5.48,-0.0038443071275060317
5.49,-0.0038443020820699845
5.5,-0.0038442977047054238
5.51,-0.0038442939817495496
5.52,-0.0038442908996136273
5.53,-0.0038442884447825944
5.54,-0.003844286603813869
5.55,-0.0038442853633130834
5.56,-0.0038442847099622447
5.57,-0.003844284630454372
5.58,-0.003844285111539274
5.59,-0.003844286140014177
5.6,-0.003844287702697085
5.61,-0.0038442897864389126
5.62,-0.003844292378136015
5.63,-0.0038442954647196392
5.64,-0.00384429903314728
5.65,-0.0038443030704230627
5.66,-0.0038443075636040076
5.67,-0.003844312499780441
5.68,-0.003844317866110094
5.69,-0.003844323649796536
5.7,-0.0038443298381174037
5.71,-0.003844336418416153
5.72,-0.003844343378103647
5.73,-0.0038443507046840063
5.74,-0.0038443583857600853
5.75,-0.0038443664090099905
5.76,-0.0038443747622234894
5.77,-0.003844383433298513
5.78,-0.0038443924102638466
5.79,-0.0038444016812443004
5.8,-0.0038444112345163164
5.81,-0.0038444210584829
5.82,-0.0038444311416881327
5.83,-0.0038444414728214574
5.84,-0.0038444520407196585
5.85,-0.003844462834385658
5.86,-0.0038444738429763807
5.87,-0.0038444850558266275
5.88,-0.0038444964624138587
5.89,-0.003844508052413791
5.9,-0.0038445198156678846
5.91,-0.0038445317421861094
5.92,-0.0038445438221708247
5.93,-0.003844556045997188
5.94,-0.0038445684042268747
5.95,-0.0038445808876026027
5.96,-0.003844593487058291
5.97,-0.0038446061937030315
5.98,-0.0038446189988308502
5.99,-0.0038446318939234793
6.0,-0.0038446448706421095
6.01,-0.003844657920826998
6.02,-0.0038446710365057095
6.03,-0.003844684209866473
6.04,-0.0038446974332957736
6.05,-0.0038447106993399712
6.06,-0.003844724000713934
6.07,-0.003844737330315886
6.08,-0.0038447506811874975
6.09,-0.0038447640465541872
6.1,-0.003844777419782846
6.11,-0.0038447907944182407
6.12,-0.003844804164127813
6.13,-0.0038448175227564865
6.14,-0.0038448308642835983
6.15,-0.0038448441828213167
6.16,-0.0038448574726412874
6.17,-0.003844870728136245
6.18,-0.00384488394383057
6.19,-0.0038448971143834523
6.2,-0.0038449102345724023
6.21,-0.003844923299302684
6.22,-0.003844936303598277
6.23,-0.00384494924259093
6.24,-0.0038449621115252395
6.25,-0.003844974905759044
6.26,-0.0038449876207559716
6.27,-0.0038450002520737016
6.28,-0.0038450127953831557
6.29,-0.003845025246448118
6.3,-0.0038450376011127056
6.31,-0.003845049855333485
6.32,-0.0038450620051414864
6.33,-0.0038450740466731336
6.34,-0.0038450859761322556
6.35,-0.0038450977898092775
6.36,-0.003845109484093359
6.37,-0.0038451210554351933
6.38,-0.0038451325003708847
6.39,-0.0038451438155109995
6.4,-0.0038451549975511185
6.41,-0.00384516604324796
6.42,-0.0038451769494448427
6.43,-0.0038451877130505087
6.44,-0.003845198331042294
6.45,-0.0038452088004817565
6.46,-0.0038452191184853287
6.47,-0.0038452292822493783
6.48,-0.0038452392890298294
6.49,-0.003845249136162147
6.5,-0.0038452588210484092
6.51,-0.003845268341145963
6.52,-0.003845277693989322
6.53,-0.003845286877187066
6.54,-0.0038452958884026473
6.55,-0.003845304725377477
6.56,-0.003845313385900783
6.57,-0.003845321867853863
6.58,-0.003845330169160358
6.59,-0.0038453382878340025
6.6,-0.0038453462219371383
6.61,-0.003845353969599116
6.62,-0.0038453615290343023
6.63,-0.0038453688984978213
6.64,-0.0038453760763317913
6.65,-0.00384538306093083
6.66,-0.003845389850757355
6.67,-0.0038453964443517425
6.68,-0.0038454028403096365
6.69,-0.0038454090372858425
6.7,-0.0038454150340147064
6.71,-0.003845420829290922
6.72,-0.003845426421962868
6.73,-0.003845431810964732
6.74,-0.0038454369952773274
6.75,-0.003845441973943005
6.76,-0.0038454467460820726
6.77,-0.00384545131086892
6.78,-0.0038454556675441543
6.79,-0.0038454598153961996
6.8,-0.0038454637537922286
6.81,-0.003845467482146439
6.82,-0.0038454709999459083
6.83,-0.0038454743067247383
6.84,-0.0038454774020711124
6.85,-0.003845480285651173
6.86,-0.0038454829571592897
6.87,-0.0038454854163697686
6.88,-0.0038454876631019617
6.89,-0.0038454896972179597
6.9,-0.0038454915186562273
6.91,-0.003845493127385041
6.92,-0.0038454945234243846
6.93,-0.0038454957068608554
6.94,-0.003845496677821415
6.95,-0.0038454974364667263
6.96,-0.003845497983022879
6.97,-0.003845498317750457
6.98,-0.0038454984409554867
6.99,-0.0038454983529984704
7.0,-0.003845498054259105
7.01,-0.003845497545184096
7.02,-0.0038454968262334713
7.03,-0.0038454958979330807
7.04,-0.0038454947608232842
7.05,-0.0038454934154973364
7.06,-0.003845491862574346
7.07,-0.0038454901027208427
7.08,-0.0038454881366166787
7.09,-0.0038454859649946008
7.1,-0.003845483588614002
7.11,-0.0038454810082613152
7.12,-0.0038454782247433544
7.13,-0.003845475238924906
7.14,-0.0038454720516735274
7.15,-0.003845468663887707
7.16,-0.0038454650765137504
7.17,-0.0038454612904979643
7.18,-0.003845457306826226
7.19,-0.0038454531265047936
7.2,-0.0038454487505657784
7.21,-0.003845444180068729
7.22,-0.003845439416092782
7.23,-0.0038454344597374547
7.24,-0.003845429312121851
7.25,-0.003845423974392117
7.26,-0.003845418447720253
7.27,-0.003845412733279049
7.28,-0.0038454068322875306
7.29,-0.0038454007459588534
7.3,-0.003845394475550822
7.31,-0.0038453880223102946
7.32,-0.0038453813875291747
7.33,-0.003845374572506819
7.34,-0.0038453675785488496
7.35,-0.003845360407000857
7.36,-0.0038453530592084317
7.37,-0.003845345536530882
7.38,-0.003845337840360427
7.39,-0.0038453299720959486
7.4,-0.0038453219331433847
7.41,-0.003845313724940793
7.42,-0.0038453053489282095
7.43,-0.00384529680655741
7.44,-0.0038452880993134772
7.45,-0.0038452792286697546
7.46,-0.003845270196144235
7.47,-0.0038452610032294545
7.48,-0.003845251651470843
7.49,-0.003845242142393847
7.5,-0.0038452324775572204
7.51,-0.0038452226585267723
7.52,-0.0038452126868679173
7.53,-0.0038452025641789816
7.54,-0.003845192292046155
7.55,-0.0038451818720877462
7.56,-0.0038451713059157993
7.57,-0.003845160595156472
7.58,-0.00384514974146059
7.59,-0.0038451387464609717
7.6,-0.003845127611822952
7.61,-0.003845116339205599
7.62,-0.0038451049302805143
7.63,-0.003845093386733015
7.64,-0.0038450817102484206
7.65,-0.003845069902525372
7.66,-0.0038450579652562454
7.67,-0.0038450459001530034
7.68,-0.003845033708927611
7.69,-0.003845021393292031
7.7,-0.0038450089549840827
7.71,-0.003844996395717312
7.72,-0.003844983717222875
7.73,-0.0038449709212456475
7.74,-0.0038449580095179727
7.75,-0.0038449449837788556
7.76,-0.0038449318457731705
7.77,-0.00384491859725285
7.78,-0.0038449052399568994
7.79,-0.0038448917756435156
7.8,-0.0038448782060575737
7.81,-0.003844864532945531
7.82,-0.003844850758071456
7.83,-0.003844836883168087
7.84,-0.0038448229100006793
7.85,-0.003844808840319977
7.86,-0.0038447946758595115
7.87,-0.003844780418383746
7.88,-0.0038447660696246276
7.89,-0.003844751631340751
7.9,-0.0038447371052640626
7.91,-0.003844722493133173
7.92,-0.0038447077966870863
7.93,-0.003844693017656959
7.94,-0.0038446781577755303
7.95,-0.0038446632187672963
7.96,-0.0038446482023516727
7.97,-0.0038446331102594215
7.98,-0.003844617944189974
7.99,-0.00384460270585569
8.0,-0.0038445873969677425
8.01,-0.003844572019224773
8.02,-0.003844556574318761
8.03,-0.0038445410639420816
8.04,-0.003844525489772997
8.05,-0.0038445098534905598
8.06,-0.003844494156772636
8.07,-0.0038444784012849555
8.08,-0.003844462588686192
8.09,-0.0038444467206283574
8.1,-0.0038444307987568014
8.11,-0.0038444148247227454
8.12,-0.0038443988001464766
8.13,-0.003844382726665102
8.14,-0.0038443666058977227
8.15,-0.0038443504394563813
8.16,-0.003844334228946857
8.17,-0.0038443179759608146
8.18,-0.003844301682102843
8.19,-0.003844285348939942
8.2,-0.0038442689780625863
8.21,-0.003844252571023661
8.22,-0.0038442361293948447
8.23,-0.003844219654721965
8.24,-0.003844203148543394
8.25,-0.003844186612397902
8.26,-0.0038441700478172
8.27,-0.0038441534563071465
8.28,-0.0038441368393861315
8.29,-0.003844120198547085
8.3,-0.0038441035352813568
8.31,-0.0038440868510806895
8.32,-0.003844070147404313
8.33,-0.003844053425724778
8.34,-0.0038440366874871994
8.35,-0.0038440199341496194
8.36,-0.0038440031671387502
8.37,-0.003843986387879328
8.38,-0.003843969597789821
8.39,-0.0038439527982765645
8.4,-0.0038439359907313816
8.41,-0.0038439191765464917
8.42,-0.003843902357087469
8.43,-0.0038438855337324202
8.44,-0.003843868707833992
8.45,-0.0038438518807315087
8.46,-0.003843835053763504
8.47,-0.0038438182282489225
8.48,-0.0038438014055063143
8.49,-0.0038437845868350353
8.5,-0.0038437677735269895
8.51,-0.0038437509668678154
8.52,-0.003843734168123167
8.53,-0.0038437173785520373
8.54,-0.0038437005993997007
8.55,-0.0038436838319059583
8.56,-0.0038436670772953084
8.57,-0.0038436503367871716
8.58,-0.0038436336115743232
8.59,-0.0038436169028550128
8.6,-0.0038436002118086934
8.61,-0.003843583539607364
8.62,-0.003843566887397171
8.63,-0.003843550256336396
8.64,-0.00384353364754533
8.65,-0.0038435170621614802
8.66,-0.003843500501284758
8.67,-0.0038434839660205504
8.68,-0.0038434674574479937
8.69,-0.0038434509766466203
8.7,-0.003843434524688115
8.71,-0.003843418102612437
8.72,-0.00384340171146423
8.73,-0.003843385352270527
8.74,-0.003843369026055987
8.75,-0.003843352733813545
8.76,-0.0038433364765424016
8.77,-0.003843320255221774
8.78,-0.0038433040708238213
8.79,-0.0038432879243011156
8.8,-0.0038432718165999614
8.81,-0.003843255748658817
8.82,-0.003843239721391077
8.83,-0.0038432237357210845
8.84,-0.0038432077925301144
8.85,-0.0038431918927095995
8.86,-0.003843176037144706
8.87,-0.0038431602266830065
8.88,-0.0038431444621826265
8.89,-0.0038431287444828954
8.9,-0.0038431130744164795
8.91,-0.0038430974527835313
8.92,-0.003843081880401812
8.93,-0.0038430663580648135
8.94,-0.0038430508865389843
8.95,-0.0038430354666091756
8.96,-0.0038430200990226438
8.97,-0.0038430047845305383
8.98,-0.0038429895238605277
8.99,-0.0038429743177437756
9.0,-0.0038429591668875714
9.01,-0.003842944071990564
9.02,-0.003842929033745137
9.03,-0.003842914052824877
9.04,-0.003842899129895523
9.05,-0.0038428842656098843
9.06,-0.0038428694606203774
9.07,-0.0038428547155465067
9.08,-0.0038428400310085683
9.09,-0.003842825407631145
9.1,-0.00384281084599496
9.11,-0.003842796346692477
9.12,-0.0038427819103094983
9.13,-0.0038427675373989144
9.14,-0.0038427532285144083
9.15,-0.0038427389842072878
9.16,-0.003842724805004986
9.17,-0.003842710691432957
9.18,-0.0038426966439911972
9.19,-0.0038426826631859684
9.2,-0.0038426687495094177
9.21,-0.003842654903435292
9.22,-0.0038426411254357546
9.23,-0.0038426274159641723
9.24,-0.003842613775460589
9.25,-0.003842600204370128
9.26,-0.0038425867031195095
9.27,-0.003842573272109206
9.28,-0.0038425599117643556
9.29,-0.0038425466224650505
9.3,-0.003842533404603914
9.31,-0.0038425202585477152
9.32,-0.0038425071846624323
9.33,-0.003842494183307778
9.34,-0.0038424812548176093
9.35,-0.003842468399536734
9.36,-0.0038424556177794216
9.37,-0.0038424429098646248
9.38,-0.003842430276099162
9.39,-0.0038424177167753395
9.4,-0.003842405232180387
9.41,-0.0038423928225807574
9.42,-0.00384238048825504
9.43,-0.0038423682294508915
9.44,-0.0038423560464210475
9.45,-0.0038423439394045236
9.46,-0.0038423319086219373
9.47,-0.00384231995429311
9.48,-0.003842308076637473
9.49,-0.0038422962758482035
9.5,-0.0038422845521243506
9.51,-0.0038422729056406917
9.52,-0.0038422613365755
9.53,-0.003842249845096102
9.54,-0.003842238431355706
9.55,-0.003842227095506733
9.56,-0.0038422158376832005
9.57,-0.0038422046580242055
9.58,-0.0038421935566433866
9.59,-0.0038421825336606478
9.6,-0.0038421715891821745
9.61,-0.0038421607233016207
9.62,-0.0038421499361118512
9.63,-0.0038421392276928004
9.64,-0.0038421285981177435
9.65,-0.003842118047453294
9.66,-0.0038421075757531387
9.67,-0.003842097183076042
9.68,-0.00384208686944944
9.69,-0.003842076634926229
9.7,-0.0038420664795138612
9.71,-0.0038420564032444564
9.72,-0.003842046406125071
9.73,-0.003842036488162368
9.74,-0.0038420266493496835
9.75,-0.003842016889680358
9.76,-0.0038420072091344074
9.77,-0.0038419976076914508
9.78,-0.0038419880853119174
9.79,-0.0038419786419683693
9.8,-0.0038419692776020427
9.81,-0.0038419599921721767
9.82,-0.003841950785618425
9.83,-0.003841941657874569
9.84,-0.003841932608861069
9.85,-0.003841923638510519
9.86,-0.003841914746723396
9.87,-0.0038419059334260292
9.88,-0.003841897198512232
9.89,-0.003841888541875029
9.9,-0.003841879963408233
9.91,-0.0038418714629915446
9.92,-0.003841863040511326
9.93,-0.0038418546958351413
9.94,-0.003841846428822707
9.95,-0.003841838239340795
9.96,-0.003841830127249123
9.97,-0.003841822092388215
9.98,-0.0038418141345985934
9.99,-0.003841806253732126
10.0,-0.003841798449586431
