t_s,p_ref_eff_pu,delta_pref_eff_pu,p_ref_pu,omega_pll_pu,Kω
0.0,0.6484797254670621,4.286015986565417e-12,0.6484797254627761,0.9999999999998775,35.0
0.01,0.648479725467062,4.286015986565417e-12,0.6484797254627761,0.9999999999998774,35.0
0.02,0.6484797254670598,4.283684518213704e-12,0.6484797254627761,0.9999999999998777,35.0
0.03,0.6484797254670605,4.284461674330942e-12,0.6484797254627761,0.9999999999998774,35.0
0.04,0.6484797254670582,4.282130205979229e-12,0.6484797254627761,0.9999999999998777,35.0
0.05,0.6484797254670582,4.282130205979229e-12,0.6484797254627761,0.9999999999998777,35.0
0.06,0.6484797254670606,4.284461674330942e-12,0.6484797254627761,0.9999999999998775,35.0
0.07,0.6484797254670582,4.282130205979229e-12,0.6484797254627761,0.9999999999998777,35.0
0.08,0.6484797254670582,4.282130205979229e-12,0.6484797254627761,0.9999999999998777,35.0
0.09,0.6484797254670606,4.284461674330942e-12,0.6484797254627761,0.9999999999998775,35.0
0.1,0.6484797254670582,4.282130205979229e-12,0.6484797254627761,0.9999999999998777,35.0
0.11,0.6481015876477381,-0.0003781378150380711,0.6484797254627761,1.0000108039375726,35.0
0.12,0.648296457124766,-0.0001832683380101328,0.6484797254627761,1.0000052362382288,35.0
0.13,0.6485298144562618,5.008899348559663e-5,0.6484797254627761,0.9999985688859004,35.0
0.14,0.648688541161033,0.00020881569825694404,0.6484797254627761,0.9999940338371927,35.0
0.15,0.6487959508193538,0.0003162253565777063,0.6484797254627761,0.999990964989812,35.0
0.16,0.6489312746642529,0.00045154920147684084,0.6484797254627761,0.9999870985942435,35.0
0.17,0.6491166265644783,0.0006369011017022502,0.6484797254627761,0.9999818028256655,35.0
0.18,0.6493560982457572,0.0008763727829811819,0.6484797254627761,0.9999749607776292,35.0
0.19,0.649640415664985,0.0011606902022089664,0.6484797254627761,0.9999668374227939,35.0
0.2,0.6499579945006199,0.001478269037843884,0.6484797254627761,0.9999577637417758,35.0
0.21,0.6502957636972302,0.0018160382344541359,0.6484797254627761,0.9999481131933012,35.0
0.22,0.650641247072918,0.002161521610141947,0.6484797254627761,0.9999382422397102,35.0
0.23,0.6509829806482686,0.0025032551854925742,0.6484797254627761,0.9999284784232716,35.0
0.24,0.6513111090185835,0.002831383555807395,0.6484797254627761,0.9999191033269769,35.0
0.25,0.6516176109068081,0.003137885444032014,0.6484797254627761,0.9999103461301705,35.0
0.26,0.6518964581276256,0.003416732664849577,0.6484797254627761,0.9999023790667185,35.0
0.27,0.6521436039492667,0.0036638784864906735,0.6484797254627761,0.9998953177575287,35.0
0.28,0.6523568858992792,0.0038771604365031203,0.6484797254627761,0.9998892239875284,35.0
0.29,0.6525358377991068,0.00405611233633077,0.6484797254627761,0.9998841110761048,35.0
0.3,0.6526814521456106,0.004201726682834501,0.6484797254627761,0.9998799506662046,35.0
0.31,0.6527959071187652,0.004316181655989175,0.6484797254627761,0.9998766805241146,35.0
0.32,0.6528822809646467,0.004402555501870647,0.6484797254627761,0.9998742126999465,35.0
0.33,0.652944268527794,0.004464543065017928,0.6484797254627761,0.9998724416267136,35.0
0.34,0.6529859131344339,0.004506187671657854,0.6484797254627761,0.9998712517808097,35.0
0.35,0.6530113645908426,0.004531639128066573,0.6484797254627761,0.9998705245963408,35.0
0.36,0.6530246694182982,0.0045449439555220895,0.6484797254627761,0.9998701444584136,35.0
0.37,0.6530295987718719,0.004549873309095976,0.6484797254627761,0.9998700036197401,35.0
0.38,0.6530295155657913,0.004549790103015099,0.6484797254627761,0.9998700059970567,35.0
0.39,0.6530272812124679,0.004547555749691806,0.6484797254627761,0.999870069835723,35.0
0.4,0.6530251997442713,0.004545474281495304,0.6484797254627761,0.999870129306243,35.0
0.41,0.6530249969190712,0.0045452714562951154,0.6484797254627761,0.9998701351012487,35.0
0.42,0.6530278285488152,0.004548103086039149,0.6484797254627761,0.9998700541975416,35.0
0.43,0.6530343144970573,0.0045545890342811686,0.6484797254627761,0.9998698688847347,35.0
0.44,0.6530445922254748,0.00456486676269869,0.6484797254627761,0.9998695752353515,35.0
0.45,0.6530583839853152,0.004578658522539125,0.6484797254627761,0.9998691811850702,35.0
0.46,0.6530750732132878,0.0045953477505116976,0.6484797254627761,0.9998687043499853,35.0
0.47,0.653093784911861,0.0046140594490848815,0.6484797254627761,0.9998681697300261,35.0
0.48,0.6531134653713331,0.004633739908556918,0.6484797254627761,0.9998676074311841,35.0
0.49,0.653132958449563,0.004653232986786873,0.6484797254627761,0.9998670504860917,35.0
0.5,0.6531510749652271,0.004671349502451016,0.6484797254627761,0.9998665328713585,35.0
0.51,0.6531666535083412,0.00468692804556516,0.6484797254627761,0.9998660877701266,35.0
0.52,0.6531786112528967,0.004698885790120662,0.6484797254627761,0.9998657461202822,35.0
0.53,0.653185984086036,0.004706258623259925,0.6484797254627761,0.9998655354679068,35.0
0.54,0.6531879561934564,0.004708230730680287,0.6484797254627761,0.9998654791219805,35.0
0.55,0.6531838792663309,0.004704153803554879,0.6484797254627761,0.9998655956056126,35.0
0.56,0.6531732822476987,0.004693556784922582,0.6484797254627761,0.9998658983775737,35.0
0.57,0.6531558728405373,0.004676147377761238,0.6484797254627761,0.9998663957892068,35.0
0.58,0.6531315317948333,0.004651806332057218,0.6484797254627761,0.9998670912476555,35.0
0.59,0.6531003014172134,0.00462057595443734,0.6484797254627761,0.999867983544159,35.0
0.6,0.6530623698542817,0.004582644391505597,0.6484797254627761,0.9998690673030998,35.0
0.61,0.6530180521755439,0.004538326712767732,0.6484797254627761,0.9998703335224922,35.0
0.62,0.6529677696406356,0.004488044177859531,0.6484797254627761,0.9998717701663469,35.0
0.63,0.6529120283652087,0.0044323029024327075,0.6484797254627761,0.9998733627742161,35.0
0.64,0.6528513980626305,0.0043716725998543685,0.6484797254627761,0.9998750950685755,35.0
0.65,0.6527864918373987,0.004306766374622651,0.6484797254627761,0.9998769495321537,35.0
0.66,0.6527179475765313,0.004238222113755289,0.6484797254627761,0.999878907939607,35.0
0.67,0.6526464113226227,0.004166685859846649,0.6484797254627761,0.9998809518325757,35.0
0.68,0.6525725229637935,0.004092797501017423,0.6484797254627761,0.9998830629285423,35.0
0.69,0.6524969043302989,0.0040171788675228874,0.6484797254627761,0.9998852234609279,35.0
0.7,0.6524201497324235,0.003940424269647334,0.6484797254627761,0.9998874164494386,35.0
0.71,0.652342818822677,0.0038630933599008302,0.6484797254627761,0.9998896259040028,35.0
0.72,0.6522654316421844,0.0037857061794083244,0.6484797254627761,0.9998918369663026,35.0
0.73,0.6521884655665595,0.0037087401037835394,0.6484797254627761,0.9998940359970346,35.0
0.74,0.6521123539445389,0.0036326284817628607,0.6484797254627761,0.9998962106148067,35.0
0.75,0.6520374861236292,0.0035577606608531223,0.6484797254627761,0.9998983496954041,35.0
0.76,0.6519642085097602,0.0034844830469841943,0.6484797254627761,0.9999004433415147,35.0
0.77,0.6518928264841348,0.0034131010213587815,0.6484797254627761,0.9999024828279611,35.0
0.78,0.6518236068531772,0.00334388139040115,0.6484797254627761,0.9999044605317027,35.0
0.79,0.6517567805976849,0.0032770551349089153,0.6484797254627761,0.9999063698532883,35.0
0.8,0.651692545767758,0.003212820304981948,0.6484797254627761,0.9999082051341434,35.0
0.81,0.6516310703171669,0.003151344854390876,0.6484797254627761,0.9999099615755888,35.0
0.82,0.6515724947942566,0.003092769331480557,0.6484797254627761,0.9999116351619577,35.0
0.83,0.6515169347927342,0.003037209329958109,0.6484797254627761,0.9999132225905726,35.0
0.84,0.6514644830774833,0.002984757614707225,0.6484797254627761,0.9999147212110083,35.0
0.85,0.651415211421804,0.0029354859590279255,0.6484797254627761,0.9999161289725992,35.0
0.86,0.6513691721193319,0.002889446656555756,0.6484797254627761,0.9999174443812412,35.0
0.87,0.6513263991895744,0.0028466737267982684,0.6484797254627761,0.9999186664649485,35.0
0.88,0.6512869093410862,0.0028071838783100805,0.6484797254627761,0.9999197947463339,35.0
0.89,0.6512507027191692,0.0027709772563931172,0.6484797254627761,0.9999208292212458,35.0
0.9,0.6512177634932638,0.0027380380304876813,0.6484797254627761,0.999921770341986,35.0
0.91,0.6511880603496181,0.0027083348868419625,0.6484797254627761,0.999922619003233,35.0
0.92,0.6511615469234738,0.0026818214606976762,0.6484797254627761,0.9999233765296943,35.0
0.93,0.6511381622360685,0.002658436773292379,0.6484797254627761,0.9999240446636202,35.0
0.94,0.6511178311740664,0.002638105711290321,0.6484797254627761,0.999924625551106,35.0
0.95,0.6511004650236785,0.0026207395609023727,0.6484797254627761,0.9999251217268313,35.0
0.96,0.6510859621188567,0.0026062366560806335,0.6484797254627761,0.9999255360955405,35.0
0.97,0.6510742086004737,0.0025944831376976136,0.6484797254627761,0.9999258719103514,35.0
0.98,0.6510650792784227,0.00258535381564669,0.6484797254627761,0.9999261327481243,35.0
0.99,0.6510584386319259,0.002578713169149803,0.6484797254627761,0.9999263224808813,35.0
1.0,0.6510541419163198,0.0025744164535436874,0.6484797254627761,0.9999264452441845,35.0
1.01,0.6510520363567718,0.002572310893995691,0.6484797254627761,0.9999265054030286,35.0
1.02,0.6510519624388766,0.002572236976100562,0.6484797254627761,0.9999265075149686,35.0
1.03,0.6510537552506461,0.0025740297878699527,0.6484797254627761,0.9999264562917751,35.0
1.04,0.6510572458604692,0.002577520397693138,0.6484797254627761,0.9999263565600659,35.0
1.05,0.6510622627155883,0.002582537252812295,0.6484797254627761,0.9999262132213482,35.0
1.06,0.6510686330253995,0.002588907562623429,0.6484797254627761,0.9999260312124965,35.0
1.07,0.6510761841177044,0.002596458654928344,0.6484797254627761,0.999925815467002,35.0
1.08,0.6510847447427341,0.0026050192799579996,0.6484797254627761,0.9999255708777155,35.0
1.09,0.6510941463098805,0.002614420847104325,0.6484797254627761,0.9999253022615113,35.0
1.1,0.6511042240399879,0.002624498577211843,0.6484797254627761,0.9999250143263654,35.0
1.11,0.6511148180266685,0.0026350925638923602,0.6484797254627761,0.9999247116410317,35.0
1.12,0.6511257741922069,0.002646048729430724,0.6484797254627761,0.9999243986077305,35.0
1.13,0.6511369451321498,0.002657219669373765,0.6484797254627761,0.9999240794380179,35.0
1.14,0.6511481908565315,0.002668465393755496,0.6484797254627761,0.9999237581316069,35.0
1.15,0.6511593794132388,0.002679653950462646,0.6484797254627761,0.9999234384585581,35.0
1.16,0.6511703873977505,0.0026906619349743055,0.6484797254627761,0.9999231239447149,35.0
1.17,0.6511811003671416,0.002701374904365501,0.6484797254627761,0.9999228178598754,35.0
1.18,0.6511914131427592,0.002711687679983053,0.6484797254627761,0.9999225232091433,35.0
1.19,0.6512012300217487,0.0027215045589726664,0.6484797254627761,0.9999222427268865,35.0
1.2,0.651210464899443,0.002730739436666956,0.6484797254627761,0.9999219788732381,35.0
1.21,0.6512190413047232,0.0027393158419471717,0.6484797254627761,0.9999217338330872,35.0
1.22,0.6512268923734387,0.002747166910662599,0.6484797254627761,0.9999215095168382,35.0
1.23,0.6512339607429103,0.002754235280134265,0.6484797254627761,0.9999213075634248,35.0
1.24,0.6512401983871259,0.0027604729243498,0.6484797254627761,0.9999211293450185,35.0
1.25,0.6512455664089768,0.0027658409462007,0.6484797254627761,0.9999209759729657,35.0
1.26,0.6512500347744519,0.002770309311675777,0.6484797254627761,0.9999208483053807,35.0
1.27,0.6512535820080387,0.0027738565452626184,0.6484797254627761,0.9999207469558496,35.0
1.28,0.6512561948558406,0.002776469393064504,0.6484797254627761,0.9999206723030554,35.0
1.29,0.6512578679113646,0.00277814244858849,0.6484797254627761,0.9999206245014689,35.0
1.3,0.6512586032191534,0.0027788777563772593,0.6484797254627761,0.999920603492675,35.0
1.31,0.651258409850907,0.002778684388130857,0.6484797254627761,0.999920609017482,35.0
1.32,0.6512573034621095,0.0027775779993333737,0.6484797254627761,0.9999206406285904,35.0
1.33,0.6512553058348317,0.0027755803720555475,0.6484797254627761,0.9999206977036555,35.0
1.34,0.6512524444033394,0.0027727189405632622,0.6484797254627761,0.9999207794588411,35.0
1.35,0.6512487517693749,0.0027690263065988266,0.6484797254627761,0.9999208849626686,35.0
1.36,0.651244265211568,0.0027645397487918596,0.6484797254627761,0.9999210131500345,35.0
1.37,0.651239026185003,0.0027593007222268986,0.6484797254627761,0.9999211628365078,35.0
1.38,0.6512330798236725,0.002753354360896432,0.6484797254627761,0.9999213327325458,35.0
1.39,0.651226474437858,0.002746748975081868,0.6484797254627761,0.9999215214578548,35.0
1.4,0.6512192610161902,0.002739535553414034,0.6484797254627761,0.9999217275556168,35.0
1.41,0.6512114927343448,0.0027317672715686855,0.6484797254627761,0.9999219495065266,35.0
1.42,0.6512032244693565,0.002723499006580434,0.6484797254627761,0.9999221857426691,35.0
1.43,0.6511945123255822,0.0027147868628060907,0.6484797254627761,0.9999224346610627,35.0
1.44,0.6511854131748737,0.0027056877120975363,0.6484797254627761,0.9999226946367972,35.0
1.45,0.6511759842109699,0.0026962587481937717,0.6484797254627761,0.9999229640357659,35.0
1.46,0.6511662825230977,0.0026865570603215767,0.6484797254627761,0.999923241226848,35.0
1.47,0.65115636468961,0.0026766392268339437,0.6484797254627761,0.9999235245935191,35.0
1.48,0.6511462863936398,0.0026665609308637634,0.6484797254627761,0.9999238125448324,35.0
1.49,0.6511361020640947,0.002656376601318644,0.6484797254627761,0.9999241035256765,35.0
1.5,0.651125864541807,0.002646139079030935,0.6484797254627761,0.9999243960263134,35.0
1.51,0.6511156247727896,0.0026358993100134777,0.6484797254627761,0.9999246885911425,35.0
1.52,0.6511054315304041,0.002625706067627966,0.6484797254627761,0.9999249798266392,35.0
1.53,0.6510953311661098,0.0026156057033337454,0.6484797254627761,0.9999252684084762,35.0
1.54,0.6510853673906455,0.002605641927869397,0.6484797254627761,0.9999255530877752,35.0
1.55,0.6510755810841297,0.0025958556213535387,0.6484797254627761,0.9999258326965327,35.0
1.56,0.651066010137201,0.0025862846744248067,0.6484797254627761,0.9999261061521593,35.0
1.57,0.6510566893223521,0.0025769638595760525,0.6484797254627761,0.999926372461155,35.0
1.58,0.651047650191178,0.002567924728401963,0.6484797254627761,0.9999266307220457,35.0
1.59,0.6510389210049577,0.0025591955421816396,0.6484797254627761,0.9999268801273662,35.0
1.6,0.6510305266895381,0.002550801226762005,0.6484797254627761,0.9999271199649497,35.0
1.61,0.651022488816464,0.002542763353687843,0.6484797254627761,0.9999273496184661,35.0
1.62,0.651014825612521,0.0025351001497449133,0.6484797254627761,0.9999275685671501,35.0
1.63,0.6510075519890329,0.0025278265262568215,0.6484797254627761,0.9999277763849641,35.0
1.64,0.65100067959653,0.00252095413375389,0.6484797254627761,0.9999279727390356,35.0
1.65,0.6509942168984479,0.0025144914356719367,0.6484797254627761,0.9999281573875523,35.0
1.66,0.6509881692645418,0.0025084438017658373,0.6484797254627761,0.9999283301770924,35.0
1.67,0.6509825390825331,0.002502813619757104,0.6484797254627761,0.9999284910394355,35.0
1.68,0.650977325882568,0.0024976004197918497,0.6484797254627761,0.999928639988006,35.0
1.69,0.6509725264784431,0.0024928010156669636,0.6484797254627761,0.9999287771138381,35.0
1.7,0.6509681351207546,0.0024884096579784877,0.6484797254627761,0.9999289025812006,35.0
1.71,0.6509641436576391,0.0024844181948629977,0.6484797254627761,0.9999290166230039,35.0
1.72,0.65096054170726,0.0024808162444838974,0.6484797254627761,0.9999291195358719,35.0
1.73,0.6509573168370009,0.00247759137422472,0.6484797254627761,0.9999292116750221,35.0
1.74,0.650954454745808,0.0024747292830318798,0.6484797254627761,0.9999292934490562,35.0
1.75,0.6509519394527976,0.0024722139900216085,0.6484797254627761,0.9999293653145708,35.0
1.76,0.6509497534880577,0.0024700280252816305,0.6484797254627761,0.9999294277707063,35.0
1.77,0.6509478780826171,0.0024681526198410105,0.6484797254627761,0.9999294813537188,35.0
1.78,0.6509462933600585,0.0024665678972823463,0.6484797254627761,0.9999295266315062,35.0
1.79,0.6509449785258531,0.0024652530630770034,0.6484797254627761,0.9999295641981978,35.0
1.8,0.650943912053156,0.0024641865903799495,0.6484797254627761,0.9999295946688462,35.0
1.81,0.6509430718655375,0.002463346402761436,0.6484797254627761,0.9999296186742068,35.0
1.82,0.6509424355144732,0.002462710051697037,0.6484797254627761,0.9999296368556657,35.0
1.83,0.6509419803505136,0.0024622548877375585,0.6484797254627761,0.9999296498603504,35.0
1.84,0.6509416836881275,0.0024619582253513966,0.6484797254627761,0.9999296583364186,35.0
1.85,0.6509415229626638,0.0024617974998876963,0.6484797254627761,0.9999296629285747,35.0
1.86,0.6509414758790538,0.0024617504162777904,0.6484797254627761,0.9999296642738207,35.0
1.87,0.6509415205517143,0.0024617950889381265,0.6484797254627761,0.9999296629974589,35.0
1.88,0.6509416356349145,0.0024619101721383265,0.6484797254627761,0.9999296597093675,35.0
1.89,0.6509418004431193,0.0024620749803432114,0.6484797254627761,0.9999296550005616,35.0
1.9,0.6509419950615818,0.0024622695988056626,0.6484797254627761,0.9999296494400342,35.0
1.91,0.650942200446086,0.002462474983309854,0.6484797254627761,0.9999296435719054,35.0
1.92,0.6509423985116524,0.0024626730488762406,0.6484797254627761,0.9999296379128892,35.0
1.93,0.6509425722114744,0.0024628467486983996,0.6484797254627761,0.9999296329500372,35.0
1.94,0.650942705604063,0.002462980141286905,0.6484797254627761,0.9999296291388203,35.0
1.95,0.6509427839100993,0.0024630584473232303,0.6484797254627761,0.999929626901505,35.0
1.96,0.650942793558601,0.002463068095824914,0.6484797254627761,0.9999296266258336,35.0
1.97,0.6509427222218916,0.0024629967591155905,0.6484797254627761,0.9999296286640253,35.0
1.98,0.6509425588419818,0.002462833379205724,0.6484797254627761,0.9999296333320227,35.0
1.99,0.6509422936453924,0.002462568182616251,0.6484797254627761,0.9999296409090681,35.0
2.0,0.6509419181488073,0.00246219268603125,0.6484797254627761,0.999929651637542,35.0
2.01,0.6509414251563278,0.002461699693551701,0.6484797254627761,0.9999296657230414,35.0
2.02,0.6509408087471412,0.002461083284365146,0.6484797254627761,0.9999296833347324,35.0
2.03,0.6509400642552355,0.0024603387924593814,0.6484797254627761,0.9999297046059297,35.0
2.04,0.6509391882417723,0.002459462778996218,0.6484797254627761,0.9999297296348858,35.0
2.05,0.65093817845965,0.0024584529968739452,0.6484797254627761,0.9999297584858037,35.0
2.06,0.6509370338123033,0.00245730834952709,0.6484797254627761,0.9999297911900135,35.0
2.07,0.6509357543058784,0.0024560288431022797,0.6484797254627761,0.9999298277473398,35.0
2.08,0.6509343409962114,0.0024546155334353465,0.6484797254627761,0.9999298681276161,35.0
2.09,0.6509327959314983,0.0024530704687222168,0.6484797254627761,0.9999299122723222,35.0
2.1,0.6509311220903444,0.002451396627568262,0.6484797254627761,0.9999299600963552,35.0
2.11,0.6509293233164255,0.002449597853649403,0.6484797254627761,0.9999300114898958,35.0
2.12,0.6509274042506349,0.0024476787878588016,0.6484797254627761,0.999930066320347,35.0
2.13,0.6509253702603247,0.0024456447975486468,0.6484797254627761,0.9999301244343558,35.0
2.14,0.6509232273675267,0.0024435019047505547,0.6484797254627761,0.9999301856598642,35.0
2.15,0.6509209821757591,0.0024412567129830447,0.6484797254627761,0.9999302498082004,35.0
2.16,0.6509186417959716,0.0024389163331955633,0.6484797254627761,0.9999303166761944,35.0
2.17,0.6509162137732862,0.0024364883105101333,0.6484797254627761,0.9999303860482711,35.0
2.18,0.6509137060134904,0.0024339805507143084,0.6484797254627761,0.999930457698551,35.0
2.19,0.6509111267107228,0.0024314012479466443,0.6484797254627761,0.9999305313929158,35.0
2.2,0.6509084842768693,0.0024287588140932924,0.6484797254627761,0.9999306068910259,35.0
2.21,0.6509057872724218,0.0024260618096456897,0.6484797254627761,0.9999306839482958,35.0
2.22,0.6509030443397568,0.002423318876980702,0.6484797254627761,0.9999307623178005,35.0
2.23,0.6509002641390108,0.0024205386762346597,0.6484797254627761,0.9999308417521076,35.0
2.24,0.6508974552868175,0.0024177298240414505,0.6484797254627761,0.9999309220050274,35.0
2.25,0.650894626298269,0.0024149008354928778,0.6484797254627761,0.9999310028332716,35.0
2.26,0.6508917855322887,0.0024120600695125456,0.6484797254627761,0.9999310839980139,35.0
2.27,0.650888941140675,0.0024092156778988847,0.6484797254627761,0.9999311652663457,35.0
2.28,0.6508861010210409,0.0024063755582648815,0.6484797254627761,0.999931246412621,35.0
2.29,0.6508832727736197,0.0024035473108435456,0.6484797254627761,0.9999313272196902,35.0
2.3,0.650880463662272,0.0024007381994959414,0.6484797254627761,0.9999314074800143,35.0
2.31,0.6508776805795288,0.0023979551167526286,0.6484797254627761,0.9999314869966642,35.0
2.32,0.650874930016168,0.0023952045533919154,0.6484797254627761,0.9999315655841887,35.0
2.33,0.6508722180345248,0.0023924925717487013,0.6484797254627761,0.9999316430693785,35.0
2.34,0.6508695502463361,0.002389824783560016,0.6484797254627761,0.9999317192918983,35.0
2.35,0.6508669317949717,0.002387206332195579,0.6484797254627761,0.9999317941047944,35.0
2.36,0.650864367341143,0.002384641878366848,0.6484797254627761,0.9999318673749038,35.0
2.37,0.6508618610531647,0.0023821355903885623,0.6484797254627761,0.9999319389831317,35.0
2.38,0.6508594166008953,0.0023796911381191513,0.6484797254627761,0.9999320088246251,35.0
2.39,0.6508570371534793,0.002377311690703128,0.6484797254627761,0.999932076808837,35.0
2.4,0.650854725380553,0.0023749999177767956,0.6484797254627761,0.9999321428594921,35.0
2.41,0.6508524834569851,0.0023727579942090507,0.6484797254627761,0.9999322069144512,35.0
2.42,0.6508503130707979,0.0023705876080217154,0.6484797254627761,0.999932268925485,35.0
2.43,0.6508482154342641,0.002368489971487977,0.6484797254627761,0.9999323288579575,35.0
2.44,0.6508461912973369,0.002366465834560838,0.6484797254627761,0.9999323866904412,35.0
2.45,0.6508442409641194,0.0023645155013432796,0.6484797254627761,0.9999324424142474,35.0
2.46,0.650842364311679,0.0023626388489028653,0.6484797254627761,0.9999324960328886,35.0
2.47,0.6508405608104086,0.0023608353476324583,0.6484797254627761,0.9999325475614962,35.0
2.48,0.6508388295468229,0.002359104084046788,0.6484797254627761,0.99993259702617,35.0
2.49,0.6508371692478658,0.002357443785089697,0.6484797254627761,0.9999326444632831,35.0
2.5,0.6508355783061887,0.002355852843412605,0.6484797254627761,0.9999326899187596,35.0
2.51,0.6508340548069765,0.0023543293442003987,0.6484797254627761,0.9999327334473086,35.0
2.52,0.6508325965555366,0.002352871092760473,0.6484797254627761,0.9999327751116354,35.0
2.53,0.6508312011053895,0.0023514756426133467,0.6484797254627761,0.9999328149816396,35.0
2.54,0.6508298657869767,0.0023501403242005754,0.6484797254627761,0.9999328531335943,35.0
2.55,0.6508285877364072,0.0023488622736310685,0.6484797254627761,0.9999328896493248,35.0
2.56,0.6508273639242796,0.002347638461503534,0.6484797254627761,0.9999329246153856,35.0
2.57,0.6508261911842902,0.002346465721514026,0.6484797254627761,0.9999329581222425,35.0
2.58,0.6508250662413465,0.0023453407785704447,0.6484797254627761,0.9999329902634695,35.0
2.59,0.6508239857392171,0.0023442602764409876,0.6484797254627761,0.9999330211349587,35.0
2.6,0.6508229462673507,0.0023432208045746517,0.6484797254627761,0.9999330508341551,35.0
2.61,0.650821944386784,0.002342218924007926,0.6484797254627761,0.999933079459314,35.0
2.62,0.6508209766550749,0.0023412511922988486,0.6484797254627761,0.9999331071087915,35.0
2.63,0.6508200396499815,0.0023403141872052977,0.6484797254627761,0.9999331338803655,35.0
2.64,0.6508191299919353,0.002339404529159118,0.6484797254627761,0.9999331598705954,35.0
2.65,0.6508182443650758,0.0023385189022997743,0.6484797254627761,0.9999331851742199,35.0
2.66,0.650817379536841,0.0023376540740650017,0.6484797254627761,0.9999332098835981,35.0
2.67,0.6508165323760537,0.002336806913277645,0.6484797254627761,0.9999332340881921,35.0
2.68,0.6508156998694029,0.0023359744066267663,0.6484797254627761,0.9999332578740964,35.0
2.69,0.650814879136283,0.0023351536735068948,0.6484797254627761,0.999933281323614,35.0
2.7,0.6508140674419673,0.002334341979191179,0.6484797254627761,0.9999333045148802,35.0
2.71,0.6508132622092044,0.0023335367464282822,0.6484797254627761,0.9999333275215305,35.0
2.72,0.6508124610280419,0.0023327355652657967,0.6484797254627761,0.9999333504124209,35.0
2.73,0.6508116616639578,0.0023319362011816813,0.6484797254627761,0.9999333732513949,35.0
2.74,0.6508108620645555,0.0023311366017793847,0.6484797254627761,0.9999333960970921,35.0
2.75,0.6508100603644233,0.0023303349016472693,0.6484797254627761,0.9999334190028101,35.0
2.76,0.6508092548884913,0.002329529425715155,0.6484797254627761,0.9999334420164081,35.0
2.77,0.6508084441539822,0.0023287186912060217,0.6484797254627761,0.9999334651802513,35.0
2.78,0.6508076268707695,0.0023279014079934284,0.6484797254627761,0.9999334885312002,35.0
2.79,0.6508068019403808,0.002327076477604633,0.6484797254627761,0.9999335121006399,35.0
2.8,0.6508059684537599,0.0023262429909838905,0.6484797254627761,0.9999335359145433,35.0
2.81,0.6508051256876483,0.002325400224872211,0.6484797254627761,0.999933559993575,35.0
2.82,0.650804273099992,0.0023245476372159095,0.6484797254627761,0.9999335843532223,35.0
2.83,0.6508034103241291,0.0023236848613529763,0.6484797254627761,0.9999336090039613,35.0
2.84,0.6508025371620185,0.0023228116992423577,0.6484797254627761,0.9999336339514502,35.0
2.85,0.6508016535767553,0.0023219281139792505,0.6484797254627761,0.9999336591967434,35.0
2.86,0.650800759684112,0.0023210342213359114,0.6484797254627761,0.9999336847365332,35.0
2.87,0.6507998557434133,0.0023201302806371516,0.6484797254627761,0.9999337105634104,35.0
2.88,0.6507989421480098,0.002319216685233716,0.6484797254627761,0.9999337366661362,35.0
2.89,0.6507980194150508,0.002318293952274671,0.6484797254627761,0.999933763029935,35.0
2.9,0.6507970881748963,0.0023173627121202372,0.6484797254627761,0.9999337896367966,35.0
2.91,0.6507961491603982,0.002316423697622032,0.6484797254627761,0.9999338164657823,35.0
2.92,0.6507952031957712,0.002315477732995119,0.6484797254627761,0.999933843493343,35.0
2.93,0.6507942511854319,0.0023145257226557395,0.6484797254627761,0.9999338706936385,35.0
2.94,0.6507932941028466,0.0023135686400705046,0.6484797254627761,0.9999338980388551,35.0
2.95,0.6507923329793456,0.0023126075165694647,0.6484797254627761,0.9999339254995265,35.0
2.96,0.6507913688931227,0.0023116434303466194,0.6484797254627761,0.9999339530448472,35.0
2.97,0.6507904029584415,0.0023106774956654485,0.6484797254627761,0.999933980642981,35.0
2.98,0.6507894363150463,0.0023097108522701984,0.6484797254627761,0.9999340082613637,35.0
2.99,0.6507884701179854,0.0023087446552092546,0.6484797254627761,0.999934035866994,35.0
3.0,0.6507875055277881,0.002307780065011923,0.6484797254627761,0.9999340634267139,35.0
3.01,0.6507865437010701,0.0023068182382940013,0.6484797254627761,0.9999340909074773,35.0
3.02,0.6507855857816556,0.0023058603188794973,0.6484797254627761,0.9999341182766035,35.0
3.03,0.6507846328922242,0.002304907429448049,0.6484797254627761,0.9999341455020158,35.0
3.04,0.6507836861265053,0.00230396066372912,0.6484797254627761,0.9999341725524649,35.0
3.05,0.6507827465420919,0.002303021079315846,0.6484797254627761,0.9999341993977338,35.0
3.06,0.6507818151538632,0.0023020896910871374,0.6484797254627761,0.9999342260088261,35.0
3.07,0.6507808929280228,0.0023011674652466986,0.6484797254627761,0.9999342523581358,35.0
3.08,0.6507799807768097,0.0023002553140335958,0.6484797254627761,0.999934278419599,35.0
3.09,0.6507790795538982,0.0022993540911222226,0.6484797254627761,0.999934304168825,35.0
3.1,0.6507781900503429,0.0022984645875667375,0.6484797254627761,0.9999343295832124,35.0
3.11,0.6507773129913068,0.0022975875285306214,0.6484797254627761,0.999934354642042,35.0
3.12,0.650776449033379,0.002296723570602793,0.6484797254627761,0.9999343793265542,35.0
3.13,0.650775598762515,0.002295873299738879,0.6484797254627761,0.9999344036200074,35.0
3.14,0.6507747626926138,0.0022950372298376678,0.6484797254627761,0.9999344275077189,35.0
3.15,0.6507739412647232,0.002294215801947065,0.6484797254627761,0.9999344509770872,35.0
3.16,0.6507731348467706,0.0022934093839944345,0.6484797254627761,0.9999344740176002,35.0
3.17,0.6507723437338736,0.002292618271097461,0.6484797254627761,0.9999344966208258,35.0
3.18,0.6507715681491698,0.0022918426863937054,0.6484797254627761,0.9999345187803887,35.0
3.19,0.6507708082451733,0.0022910827823972033,0.6484797254627761,0.9999345404919315,35.0
3.2,0.650770064105504,0.002290338642727906,0.6484797254627761,0.9999345617530648,35.0
3.21,0.650769335747101,0.0022896102843249977,0.6484797254627761,0.9999345825633049,35.0
3.22,0.6507686231228658,0.002288897660089689,0.6484797254627761,0.9999346029239975,35.0
3.23,0.6507679261245183,0.002288200661742226,0.6484797254627761,0.999934622838236,35.0
3.24,0.6507672445858961,0.002287519123119993,0.6484797254627761,0.9999346423107679,35.0
3.25,0.650766578286473,0.0022868528236969165,0.6484797254627761,0.9999346613478943,35.0
3.26,0.6507659269550872,0.0022862014923110806,0.6484797254627761,0.9999346799573625,35.0
3.27,0.6507652902739014,0.0022855648111252624,0.6484797254627761,0.9999346981482535,35.0
3.28,0.6507646678825069,0.002284942419730775,0.6484797254627761,0.9999347159308648,35.0
3.29,0.6507640593821369,0.002284333919360812,0.6484797254627761,0.9999347333165898,35.0
3.3,0.6507634643399607,0.0022837388771846916,0.6484797254627761,0.9999347503177948,35.0
3.31,0.6507628822934429,0.002283156830666784,0.6484797254627761,0.9999347669476952,35.0
3.32,0.6507623127546915,0.0022825872919153885,0.6484797254627761,0.999934783220231,35.0
3.33,0.6507617552147961,0.002282029752019959,0.6484797254627761,0.9999347991499423,35.0
3.34,0.6507612091481111,0.0022814836853350434,0.6484797254627761,0.9999348147518475,35.0
3.35,0.6507606740164646,0.002280948553688581,0.6484797254627761,0.9999348300413231,35.0
3.36,0.65076014927325,0.0022804238104738644,0.6484797254627761,0.9999348450339864,35.0
3.37,0.6507596343673827,0.0022799089046066073,0.6484797254627761,0.9999348597455826,35.0
3.38,0.6507591287471293,0.002279403284353133,0.6484797254627761,0.9999348741918755,35.0
3.39,0.6507586318637063,0.0022789064009301847,0.6484797254627761,0.9999348883885449,35.0
3.4,0.650758143174754,0.0022784177119778894,0.6484797254627761,0.9999349023510864,35.0
3.41,0.6507576621475373,0.002277936684761181,0.6484797254627761,0.9999349160947211,35.0
3.42,0.650757188261962,0.002277462799186048,0.6484797254627761,0.999934929634309,35.0
3.43,0.6507567210133425,0.002276995550566446,0.6484797254627761,0.9999349429842695,35.0
3.44,0.6507562599149355,0.0022765344521593982,0.6484797254627761,0.9999349561585097,35.0
3.45,0.6507558045001971,0.0022760790374210227,0.6484797254627761,0.9999349691703593,35.0
3.46,0.6507553543248216,0.00227562886204541,0.6484797254627761,0.999934982032513,35.0
3.47,0.650754908968499,0.002275183505722808,0.6484797254627761,0.9999349947569793,35.0
3.48,0.6507544680364195,0.0022747425736434155,0.6484797254627761,0.9999350073550388,35.0
3.49,0.6507540311605091,0.002274305697733025,0.6484797254627761,0.9999350198372077,35.0
3.5,0.6507535980004593,0.0022738725376832167,0.6484797254627761,0.999935032213209,35.0
3.51,0.6507531682444404,0.0022734427816642616,0.6484797254627761,0.9999350444919525,35.0
3.52,0.6507527416096163,0.0022730161468400875,0.6484797254627761,0.9999350566815188,35.0
3.53,0.6507523178424276,0.0022725923796514777,0.6484797254627761,0.9999350687891528,35.0
3.54,0.6507518967186326,0.002272171255856506,0.6484797254627761,0.9999350808212613,35.0
3.55,0.6507514780431354,0.0022717525803593332,0.6484797254627761,0.9999350927834183,35.0
3.56,0.6507510616496268,0.0022713361868506366,0.6484797254627761,0.9999351046803757,35.0
3.57,0.6507506474000313,0.002270921937255139,0.6484797254627761,0.9999351165160785,35.0
3.58,0.6507502351837533,0.002270509720977302,0.6484797254627761,0.9999351282936864,35.0
3.59,0.6507498249168051,0.0022700994540290685,0.6484797254627761,0.9999351400155992,35.0
3.6,0.6507494165407566,0.0022696910779804683,0.6484797254627761,0.9999351516834862,35.0
3.61,0.6507490100215536,0.00226928455877742,0.6484797254627761,0.9999351632983207,35.0
3.62,0.650748605348231,0.0022688798854548437,0.6484797254627761,0.9999351748604156,35.0
3.63,0.6507482025315245,0.0022684770687485135,0.6484797254627761,0.9999351863694643,35.0
3.64,0.6507478016023684,0.002268076139592416,0.6484797254627761,0.9999351978245831,35.0
3.65,0.6507474026103649,0.00226767714758887,0.6484797254627761,0.9999352092243546,35.0
3.66,0.6507470056221616,0.002267280159385419,0.6484797254627761,0.9999352205668747,35.0
3.67,0.6507466107197996,0.002266885257023382,0.6484797254627761,0.9999352318497994,35.0
3.68,0.6507462179990343,0.0022664925362582654,0.6484797254627761,0.9999352430703926,35.0
3.69,0.6507458275676458,0.0022661021048696857,0.6484797254627761,0.9999352542255752,35.0
3.7,0.6507454395437358,0.0022657140809596243,0.6484797254627761,0.9999352653119725,35.0
3.71,0.6507450540540423,0.0022653285912662313,0.6484797254627761,0.9999352763259638,35.0
3.72,0.6507446712322882,0.002264945769512137,0.6484797254627761,0.9999352872637282,35.0
3.73,0.6507442912175522,0.0022645657547760807,0.6484797254627761,0.9999352981212921,35.0
3.74,0.6507439141526737,0.0022641886898976983,0.6484797254627761,0.9999353088945743,35.0
3.75,0.650743540182745,0.0022638147199689203,0.6484797254627761,0.9999353195794295,35.0
3.76,0.6507431694536344,0.002263443990858294,0.6484797254627761,0.9999353301716897,35.0
3.77,0.6507428021105958,0.002263076647819646,0.6484797254627761,0.9999353406672051,35.0
3.78,0.6507424382969484,0.0022627128341723025,0.6484797254627761,0.9999353510618808,35.0
3.79,0.6507420781528415,0.0022623526900654076,0.6484797254627761,0.9999353613517125,35.0
3.8,0.650741721814112,0.002261996351335968,0.6484797254627761,0.999935371532819,35.0
3.81,0.6507413694112292,0.002261643948453074,0.6484797254627761,0.9999353816014728,35.0
3.82,0.6507410210683225,0.002261295605546455,0.6484797254627761,0.9999353915541273,35.0
3.83,0.650740676902336,0.0022609514395598392,0.6484797254627761,0.9999354013874411,35.0
3.84,0.6507403370222586,0.0022606115594824947,0.6484797254627761,0.9999354110983005,35.0
3.85,0.6507400015284504,0.0022602760656742545,0.6484797254627761,0.9999354206838379,35.0
3.86,0.6507396705121001,0.002259945049324012,0.6484797254627761,0.9999354301414479,35.0
3.87,0.6507393440547243,0.0022596185919482588,0.6484797254627761,0.9999354394688015,35.0
3.88,0.6507390222278381,0.0022592967650619114,0.6484797254627761,0.9999354486638554,35.0
3.89,0.6507387050926465,0.0022589796298704496,0.6484797254627761,0.9999354577248609,35.0
3.9,0.6507383926998787,0.002258667237102596,0.6484797254627761,0.9999354666503685,35.0
3.91,0.6507380850896965,0.002258359626920481,0.6484797254627761,0.9999354754392308,35.0
3.92,0.6507377822916667,0.002258056828890636,0.6484797254627761,0.9999354840906032,35.0
3.93,0.6507374843248608,0.0022577588620847893,0.6484797254627761,0.9999354926039404,35.0
3.94,0.6507371911979728,0.0022574657351966745,0.6484797254627761,0.9999355009789944,35.0
3.95,0.6507369029095558,0.0022571774467797525,0.6484797254627761,0.9999355092158063,35.0
3.96,0.6507366194483031,0.0022568939855269897,0.6484797254627761,0.9999355173146992,35.0
3.97,0.6507363407933933,0.0022566153306171504,0.6484797254627761,0.9999355252762681,35.0
3.98,0.6507360669148733,0.0022563414520972245,0.6484797254627761,0.9999355331013687,35.0
3.99,0.6507357977741339,0.002256072311357836,0.6484797254627761,0.999935540791104,35.0
4.0,0.6507355333243788,0.002255807861602767,0.6484797254627761,0.9999355483468114,35.0
4.01,0.6507352735111595,0.002255548048383352,0.6484797254627761,0.9999355557700462,35.0
4.02,0.6507350182729309,0.0022552928101548355,0.6484797254627761,0.999935563062567,35.0
4.03,0.6507347675416406,0.00225504207886451,0.6484797254627761,0.9999355702263182,35.0
4.04,0.650734521243332,0.002254795780555819,0.6484797254627761,0.9999355772634126,35.0
4.05,0.6507342792987639,0.002254553835987815,0.6484797254627761,0.9999355841761146,35.0
4.06,0.6507340416240324,0.0022543161612561874,0.6484797254627761,0.9999355909668213,35.0
4.07,0.6507338081312114,0.002254082668435344,0.6484797254627761,0.9999355976380447,35.0
4.08,0.6507335787289746,0.002253853266198518,0.6484797254627761,0.9999356041923944,35.0
4.09,0.6507333533232252,0.0022536278604491115,0.6484797254627761,0.9999356106325585,35.0
4.1,0.6507331318177015,0.0022534063549254917,0.6484797254627761,0.9999356169612879,35.0
4.11,0.6507329141145949,0.00225318865181883,0.6484797254627761,0.9999356231813766,35.0
4.12,0.6507327001151173,0.00225297465234112,0.6484797254627761,0.9999356292956475,35.0
4.13,0.6507324897200599,0.0022527642572838054,0.6484797254627761,0.9999356353069347,35.0
4.14,0.6507322828303493,0.002252557367573216,0.6484797254627761,0.9999356412180693,35.0
4.15,0.6507320793475331,0.0022523538847569816,0.6484797254627761,0.9999356470318641,35.0
4.16,0.650731879174273,0.002252153711496836,0.6484797254627761,0.9999356527511001,35.0
4.17,0.6507316822147907,0.0022519567520145572,0.6484797254627761,0.9999356583785138,35.0
4.18,0.650731488375281,0.0022517629125050147,0.6484797254627761,0.9999356639167857,35.0
4.19,0.6507312975642885,0.002251572101512396,0.6484797254627761,0.9999356693685283,35.0
4.2,0.6507311096930628,0.002251384230286779,0.6484797254627761,0.9999356747362775,35.0
4.21,0.6507309246758558,0.0022511992130796778,0.6484797254627761,0.9999356800224835,35.0
4.22,0.6507307424301966,0.002251016967420397,0.6484797254627761,0.9999356852295023,35.0
4.23,0.6507305628771164,0.002250837414340254,0.6484797254627761,0.9999356903595903,35.0
4.24,0.650730385941359,0.0022506604785828698,0.6484797254627761,0.9999356954148977,35.0
4.25,0.6507302115515421,0.0022504860887659897,0.6484797254627761,0.9999357003974638,35.0
4.26,0.6507300396402603,0.002250314177484128,0.6484797254627761,0.9999357053092147,35.0
4.27,0.6507298701441994,0.0022501446814232945,0.6484797254627761,0.9999357101519594,35.0
4.28,0.6507297030041805,0.0022499775414044324,0.6484797254627761,0.9999357149273884,35.0
4.29,0.6507295381651865,0.0022498127024103854,0.6484797254627761,0.999935719637074,35.0
4.3,0.6507293755763497,0.0022496501135735505,0.6484797254627761,0.9999357242824694,35.0
4.31,0.6507292151909327,0.0022494897281566772,0.6484797254627761,0.9999357288649099,35.0
4.32,0.6507290569662433,0.0022493315034671515,0.6484797254627761,0.9999357333856153,35.0
4.33,0.6507289008635554,0.0022491754007792812,0.6484797254627761,0.999935737845692,35.0
4.34,0.6507287468480051,0.002249021385228915,0.6484797254627761,0.9999357422461363,35.0
4.35,0.6507285948884383,0.0022488694256621302,0.6484797254627761,0.9999357465878382,35.0
4.36,0.6507284449572716,0.0022487194944953446,0.6484797254627761,0.9999357508715859,35.0
4.37,0.6507282970303228,0.0022485715675466113,0.6484797254627761,0.9999357550980701,35.0
4.38,0.6507281510866127,0.002248425623836559,0.6484797254627761,0.9999357592678904,35.0
4.39,0.6507280071081786,0.002248281645402529,0.6484797254627761,0.99993576338156,35.0
4.4,0.6507278650798701,0.002248139617094014,0.6484797254627761,0.9999357674395116,35.0
4.41,0.6507277249891086,0.0022479995263324326,0.6484797254627761,0.9999357714421049,35.0
4.42,0.6507275868256909,0.0022478613629147606,0.6484797254627761,0.999935775389631,35.0
4.43,0.6507274505815431,0.0022477251187669215,0.6484797254627761,0.9999357792823209,35.0
4.44,0.6507273162505012,0.0022475907877250265,0.6484797254627761,0.9999357831203507,35.0
4.45,0.650727183828063,0.0022474583652869165,0.6484797254627761,0.999935786903849,35.0
4.46,0.6507270533111819,0.002247327848405753,0.6484797254627761,0.9999357906329027,35.0
4.47,0.6507269246980187,0.0022471992352427147,0.6484797254627761,0.9999357943075645,35.0
4.48,0.6507267979877244,0.0022470725249482382,0.6484797254627761,0.9999357979278587,35.0
4.49,0.6507266731802243,0.0022469477174480697,0.6484797254627761,0.9999358014937872,35.0
4.5,0.6507265502760107,0.0022468248132345866,0.6484797254627761,0.9999358050053362,35.0
4.51,0.650726429275929,0.002246703813152851,0.6484797254627761,0.9999358084624814,35.0
4.52,0.6507263101810009,0.002246584718224822,0.6484797254627761,0.9999358118651936,35.0
4.53,0.6507261929922248,0.002246467529448684,0.6484797254627761,0.9999358152134443,35.0
4.54,0.6507260777104111,0.0022463522476349495,0.6484797254627761,0.9999358185072105,35.0
4.55,0.650725964336031,0.0022462388732549144,0.6484797254627761,0.9999358217464784,35.0
4.56,0.6507258528690467,0.0022461274062706062,0.6484797254627761,0.9999358249312496,35.0
4.57,0.6507257433088046,0.0022460178460284833,0.6484797254627761,0.999935828061542,35.0
4.58,0.6507256356538856,0.002245910191109506,0.6484797254627761,0.9999358311373969,35.0
4.59,0.650725529902019,0.002245804439242956,0.6484797254627761,0.9999358341588788,35.0
4.6,0.6507254260499696,0.0022457005871935167,0.6484797254627761,0.9999358371260803,35.0
4.61,0.6507253240934686,0.0022455986306924875,0.6484797254627761,0.9999358400391231,35.0
4.62,0.6507252240271385,0.002245498564362334,0.6484797254627761,0.9999358428981611,35.0
4.63,0.6507251258444369,0.0022454003816607102,0.6484797254627761,0.9999358457033812,35.0
4.64,0.6507250295376118,0.0022453040748356395,0.6484797254627761,0.9999358484550047,35.0
4.65,0.6507249350976878,0.0022452096349115853,0.6484797254627761,0.9999358511532883,35.0
4.66,0.6507248425144216,0.002245117051645554,0.6484797254627761,0.9999358537985243,35.0
4.67,0.6507247517763122,0.0022450263135360225,0.6484797254627761,0.9999358563910418,35.0
4.68,0.6507246628705988,0.0022449374078227025,0.6484797254627761,0.9999358589312052,35.0
4.69,0.6507245757832812,0.0022448503205050522,0.6484797254627761,0.9999358614194143,35.0
4.7,0.6507244904991284,0.0022447650363523505,0.6484797254627761,0.9999358638561042,35.0
4.71,0.6507244070017347,0.0022446815389585264,0.6484797254627761,0.999935866241744,35.0
4.72,0.6507243252735341,0.0022445998107579667,0.6484797254627761,0.9999358685768355,35.0
4.73,0.650724245295872,0.0022445198330958874,0.6484797254627761,0.9999358708619116,35.0
4.74,0.6507241670490415,0.002244441586265379,0.6484797254627761,0.9999358730975354,35.0
4.75,0.6507240905123537,0.002244365049577586,0.6484797254627761,0.9999358752842978,35.0
4.76,0.6507240156642091,0.002244290201432993,0.6484797254627761,0.9999358774228162,35.0
4.77,0.6507239424821514,0.0022442170193751744,0.6484797254627761,0.9999358795137322,35.0
4.78,0.6507238709429547,0.002244145480178552,0.6484797254627761,0.9999358815577092,35.0
4.79,0.6507238010226981,0.002244075559921992,0.6484797254627761,0.9999358835554308,35.0
4.8,0.6507237326968358,0.002244007234059672,0.6484797254627761,0.9999358855075984,35.0
4.81,0.6507236659402971,0.00224394047752096,0.6484797254627761,0.999935887414928,35.0
4.82,0.6507236007275355,0.0022438752647593496,0.6484797254627761,0.9999358892781497,35.0
4.83,0.650723537032649,0.002243811569872882,0.6484797254627761,0.9999358910980036,35.0
4.84,0.6507234748294238,0.00224374936664762,0.6484797254627761,0.9999358928752387,35.0
4.85,0.650723414091435,0.002243688628658871,0.6484797254627761,0.9999358946106098,35.0
4.86,0.6507233547921264,0.002243629329350286,0.6484797254627761,0.9999358963048758,35.0
4.87,0.6507232969048728,0.002243571442096729,0.6484797254627761,0.9999358979587972,35.0
4.88,0.6507232404030607,0.0022435149402847184,0.6484797254627761,0.9999358995731348,35.0
4.89,0.650723185260155,0.0022434597973789512,0.6484797254627761,0.9999359011486464,35.0
4.9,0.6507231314497722,0.002243405986996131,0.6484797254627761,0.9999359026860858,35.0
4.91,0.650723078945743,0.0022433534829669113,0.6484797254627761,0.999935904186201,35.0
4.92,0.6507230277221586,0.002243302259382522,0.6484797254627761,0.9999359056497319,35.0
4.93,0.6507229777534416,0.002243252290665408,0.6484797254627761,0.9999359070774096,35.0
4.94,0.6507229290143942,0.002243203551618129,0.6484797254627761,0.9999359084699538,35.0
4.95,0.6507228814802326,0.002243156017456522,0.6484797254627761,0.9999359098280727,35.0
4.96,0.6507228351266456,0.0022431096638695653,0.6484797254627761,0.9999359111524608,35.0
4.97,0.650722789929817,0.0022430644670408863,0.6484797254627761,0.9999359124437989,35.0
4.98,0.6507227458664699,0.0022430204036937742,0.6484797254627761,0.9999359137027517,35.0
4.99,0.6507227029138838,0.0022429774511076453,0.6484797254627761,0.9999359149299685,35.0
5.0,0.6507226610499253,0.0022429355871491316,0.6484797254627761,0.9999359161260816,35.0
5.01,0.6507226202530625,0.0022428947902864687,0.6484797254627761,0.9999359172917062,35.0
5.02,0.6507225805023864,0.0022428550396103083,0.6484797254627761,0.9999359184274398,35.0
5.03,0.6507225417776126,0.002242816314836452,0.6484797254627761,0.9999359195338619,35.0
5.04,0.6507225040590873,0.002242778596311122,0.6484797254627761,0.9999359206115339,35.0
5.05,0.6507224673278004,0.002242741865024193,0.6484797254627761,0.9999359216609993,35.0
5.06,0.6507224315653646,0.0022427061025884205,0.6484797254627761,0.9999359226827832,35.0
5.07,0.6507223967540292,0.002242671291253135,0.6484797254627761,0.9999359236773928,35.0
5.08,0.6507223628766584,0.002242637413882312,0.6484797254627761,0.9999359246453177,35.0
5.09,0.6507223299167252,0.0022426044539490732,0.6484797254627761,0.99993592558703,35.0
5.1,0.6507222978583014,0.0022425723955251794,0.6484797254627761,0.999935926502985,35.0
5.11,0.6507222666860256,0.002242541223249486,0.6484797254627761,0.9999359273936215,35.0
5.12,0.6507222363850967,0.00224251092232063,0.6484797254627761,0.9999359282593623,35.0
5.13,0.6507222069412492,0.002242481478473026,0.6484797254627761,0.9999359291006151,35.0
5.14,0.6507221783407301,0.002242452877954012,0.6484797254627761,0.9999359299177728,35.0
5.15,0.6507221505702728,0.002242425107496646,0.6484797254627761,0.9999359307112144,35.0
5.16,0.6507221236170718,0.002242398154295704,0.6484797254627761,0.9999359314813059,35.0
5.17,0.6507220974687575,0.0022423720059813997,0.6484797254627761,0.9999359322284006,35.0
5.18,0.6507220721133681,0.0022423466505919524,0.6484797254627761,0.9999359329528402,35.0
5.19,0.6507220475393102,0.0022423220765340405,0.6484797254627761,0.9999359336549561,35.0
5.2,0.6507220237353525,0.0022422982725764104,0.6484797254627761,0.9999359343350693,35.0
5.21,0.6507220006905775,0.0022422752278014033,0.6484797254627761,0.9999359349934914,35.0
5.22,0.650721978394367,0.0022422529315907973,0.6484797254627761,0.9999359356305261,35.0
5.23,0.6507219568363628,0.002242231373586716,0.6484797254627761,0.9999359362464689,35.0
5.24,0.6507219360064441,0.0022422105436680864,0.6484797254627761,0.9999359368416095,35.0
5.25,0.650721915894707,0.0022421904319307458,0.6484797254627761,0.9999359374162305,35.0
5.26,0.6507218964914188,0.00224217102864266,0.6484797254627761,0.9999359379706102,35.0
5.27,0.6507218777870251,0.0022421523242489266,0.6484797254627761,0.9999359385050215,35.0
5.28,0.650721859772088,0.002242134309311906,0.6484797254627761,0.999935939019734,35.0
5.29,0.6507218424372945,0.0022421169745183065,0.6484797254627761,0.9999359395150138,35.0
5.3,0.6507218257734231,0.0022421003106469395,0.6484797254627761,0.9999359399911244,35.0
5.31,0.65072180977132,0.0022420843085438295,0.6484797254627761,0.9999359404483273,35.0
5.32,0.6507217944218846,0.0022420689591084782,0.6484797254627761,0.9999359408868826,35.0
5.33,0.650721779716048,0.002242054253271935,0.6484797254627761,0.9999359413070494,35.0
5.34,0.6507217656447718,0.0022420401819956436,0.6484797254627761,0.999935941709086,35.0
5.35,0.6507217521990174,0.0022420267362412787,0.6484797254627761,0.9999359420932503,35.0
5.36,0.6507217393697389,0.002242013906962743,0.6484797254627761,0.9999359424598011,35.0
5.37,0.6507217271478781,0.002242001685102051,0.6484797254627761,0.9999359428089971,35.0
5.38,0.6507217155243389,0.0022419900615628205,0.6484797254627761,0.9999359431410982,35.0
5.39,0.6507217044900083,0.002241979027232205,0.6484797254627761,0.9999359434563648,35.0
5.4,0.6507216940357157,0.002241968572939531,0.6484797254627761,0.9999359437550589,35.0
5.41,0.6507216841522555,0.0022419586894793834,0.6484797254627761,0.9999359440374435,35.0
5.42,0.6507216748303712,0.0022419493675951414,0.6484797254627761,0.9999359443037831,35.0
5.43,0.6507216660607451,0.0022419405979689335,0.6484797254627761,0.9999359445543439,35.0
5.44,0.6507216578340193,0.002241932371243108,0.6484797254627761,0.9999359447893932,35.0
5.45,0.6507216501407744,0.002241924677998302,0.6484797254627761,0.9999359450092,35.0
5.46,0.6507216429715484,0.002241917508772409,0.6484797254627761,0.9999359452140352,35.0
5.47,0.6507216363168284,0.002241910854052345,0.6484797254627761,0.99993594540417,35.0
5.48,0.650721630167048,0.0022419047042717805,0.6484797254627761,0.999935945579878,35.0
5.49,0.6507216245126121,0.0022418990498360306,0.6484797254627761,0.9999359457414333,35.0
5.5,0.6507216193438843,0.0022418938811081287,0.6484797254627761,0.9999359458891113,35.0
5.51,0.6507216146511927,0.002241889188416598,0.6484797254627761,0.999935946023188,35.0
5.52,0.6507216104248574,0.0022418849620812658,0.6484797254627761,0.9999359461439405,35.0
5.53,0.6507216066551642,0.0022418811923881434,0.6484797254627761,0.9999359462516462,35.0
5.54,0.6507216033324061,0.002241877869630088,0.6484797254627761,0.999935946346582,35.0
5.55,0.6507216004468614,0.0022418749840853397,0.6484797254627761,0.9999359464290262,35.0
5.56,0.650721597988827,0.0022418725260508724,0.6484797254627761,0.9999359464992557,35.0
5.57,0.6507215959486002,0.002241870485824123,0.6484797254627761,0.9999359465575479,35.0
5.58,0.650721594316525,0.002241868853748927,0.6484797254627761,0.9999359466041786,35.0
5.59,0.6507215930829534,0.002241867620177353,0.6484797254627761,0.9999359466394235,35.0
5.6,0.6507215922382917,0.0022418667755156386,0.6484797254627761,0.9999359466635568,35.0
5.61,0.6507215917729966,0.0022418663102205384,0.6484797254627761,0.9999359466768508,35.0
5.62,0.6507215916775794,0.002241866214803207,0.6484797254627761,0.9999359466795772,35.0
5.63,0.6507215919426099,0.0022418664798337772,0.6484797254627761,0.9999359466720048,35.0
5.64,0.6507215925587504,0.002241867095974258,0.6484797254627761,0.9999359466544008,35.0
5.65,0.6507215935167232,0.0022418680539470193,0.6484797254627761,0.9999359466270301,35.0
5.66,0.6507215948073575,0.0022418693445813895,0.6484797254627761,0.9999359465901548,35.0
5.67,0.6507215964215656,0.0022418709587894506,0.6484797254627761,0.9999359465440347,35.0
5.68,0.650721598350368,0.002241872887591856,0.6484797254627761,0.999935946488926,35.0
5.69,0.6507216005848976,0.002241875122121485,0.6484797254627761,0.9999359464250823,35.0
5.7,0.6507216031163932,0.0022418776536170565,0.6484797254627761,0.9999359463527538,35.0
5.71,0.6507216059362171,0.0022418804734409426,0.6484797254627761,0.9999359462721874,35.0
5.72,0.6507216090358565,0.0022418835730803202,0.6484797254627761,0.9999359461836264,35.0
5.73,0.6507216124069267,0.0022418869441505978,0.6484797254627761,0.9999359460873101,35.0
5.74,0.6507216160411786,0.002241890578402495,0.6484797254627761,0.9999359459834742,35.0
5.75,0.6507216199304922,0.002241894467716115,0.6484797254627761,0.999935945872351,35.0
5.76,0.6507216240668906,0.002241898604114411,0.6484797254627761,0.9999359457541682,35.0
5.77,0.650721628442537,0.0022419029797609183,0.6484797254627761,0.9999359456291498,35.0
5.78,0.6507216330497347,0.002241907586958598,0.6484797254627761,0.9999359454975154,35.0
5.79,0.6507216378809342,0.0022419124181580702,0.6484797254627761,0.9999359453594812,35.0
5.8,0.6507216429287265,0.002241917465950306,0.6484797254627761,0.9999359452152585,35.0
5.81,0.6507216481858534,0.002241922723077359,0.6484797254627761,0.999935945065055,35.0
5.82,0.6507216536451975,0.0022419281824214033,0.6484797254627761,0.9999359449090738,35.0
5.83,0.6507216592997882,0.00224193383701204,0.6484797254627761,0.999935944747514,35.0
5.84,0.6507216651427914,0.002241939680015336,0.6484797254627761,0.9999359445805711,35.0
5.85,0.6507216711675282,0.0022419457047520948,0.6484797254627761,0.9999359444084357,35.0
5.86,0.6507216773674482,0.0022419519046720454,0.6484797254627761,0.9999359442312952,35.0
5.87,0.6507216837361443,0.0022419582733682274,0.6484797254627761,0.9999359440493324,35.0
5.88,0.6507216902673538,0.002241964804577686,0.6484797254627761,0.9999359438627264,35.0
5.89,0.6507216969549338,0.002241971492157694,0.6484797254627761,0.9999359436716526,35.0
5.9,0.6507217037928891,0.0022419783301129543,0.6484797254627761,0.9999359434762826,35.0
5.91,0.6507217107753379,0.0022419853125617796,0.6484797254627761,0.999935943276784,35.0
5.92,0.6507217178965373,0.002241992433761217,0.6484797254627761,0.9999359430733212,35.0
5.93,0.650721725150858,0.0022419996880819236,0.6484797254627761,0.9999359428660548,35.0
5.94,0.6507217325327902,0.0022420070700140946,0.6484797254627761,0.9999359426551425,35.0
5.95,0.650721740036949,0.002242014574172961,0.6484797254627761,0.9999359424407379,35.0
5.96,0.6507217476580507,0.0022420221952745532,0.6484797254627761,0.9999359422229922,35.0
5.97,0.6507217553909235,0.002242029928147359,0.6484797254627761,0.9999359420020529,35.0
5.98,0.650721763230505,0.0022420377677288984,0.6484797254627761,0.9999359417780649,35.0
5.99,0.6507217711718261,0.002242045709049951,0.6484797254627761,0.99993594155117,35.0
6.0,0.6507217792100257,0.002242053747249636,0.6484797254627761,0.9999359413215072,35.0
6.01,0.6507217873403255,0.0022420618775493657,0.6484797254627761,0.9999359410892129,35.0
6.02,0.6507217955580398,0.002242070095263582,0.6484797254627761,0.9999359408544211,35.0
6.03,0.6507218038585793,0.0022420783958031778,0.6484797254627761,0.9999359406172628,35.0
6.04,0.6507218122374298,0.002242086774653568,0.6484797254627761,0.999935940377867,35.0
6.05,0.6507218206901576,0.0022420952273815393,0.6484797254627761,0.9999359401363606,35.0
6.06,0.6507218292124075,0.0022421037496313623,0.6484797254627761,0.9999359398928678,35.0
6.07,0.6507218377998979,0.0022421123371218297,0.6484797254627761,0.9999359396475108,35.0
6.08,0.650721846448417,0.0022421209856409857,0.6484797254627761,0.9999359394004103,35.0
6.09,0.6507218551538266,0.0022421296910504745,0.6484797254627761,0.9999359391516843,35.0
6.1,0.6507218639120433,0.0022421384492672643,0.6484797254627761,0.9999359389014495,35.0
6.11,0.6507218727190573,0.002242147256281229,0.6484797254627761,0.9999359386498206,35.0
6.12,0.6507218815709132,0.002242156108137106,0.6484797254627761,0.9999359383969104,35.0
6.13,0.6507218904637179,0.002242165000941804,0.6484797254627761,0.9999359381428303,35.0
6.14,0.6507218993936287,0.002242173930852517,0.6484797254627761,0.99993593788769,35.0
6.15,0.6507219083568647,0.0022421828940886123,0.6484797254627761,0.9999359376315975,35.0
6.16,0.6507219173496961,0.00224219188691997,0.6484797254627761,0.9999359373746595,35.0
6.17,0.6507219263684358,0.002242200905659677,0.6484797254627761,0.9999359371169811,35.0
6.18,0.6507219354094584,0.002242209946682301,0.6484797254627761,0.9999359368586662,35.0
6.19,0.6507219444691779,0.002242219006401727,0.6484797254627761,0.999935936599817,35.0
6.2,0.6507219535440658,0.0022422280812896666,0.6484797254627761,0.9999359363405346,35.0
6.21,0.6507219626306293,0.0022422371678532654,0.6484797254627761,0.9999359360809185,35.0
6.22,0.6507219717254299,0.002242246262653837,0.6484797254627761,0.9999359358210671,35.0
6.23,0.6507219808250679,0.0022422553622917854,0.6484797254627761,0.9999359355610774,35.0
6.24,0.6507219899261935,0.002242264463417338,0.6484797254627761,0.9999359353010452,35.0
6.25,0.6507219990254969,0.0022422735627207315,0.6484797254627761,0.9999359350410651,35.0
6.26,0.6507220081197216,0.002242282656945451,0.6484797254627761,0.9999359347812301,35.0
6.27,0.6507220172056426,0.002242291742866531,0.6484797254627761,0.9999359345216324,35.0
6.28,0.6507220262800825,0.002242300817306325,0.6484797254627761,0.9999359342623627,35.0
6.29,0.6507220353399161,0.002242309877139973,0.6484797254627761,0.9999359340035103,35.0
6.3,0.6507220443820552,0.002242318919278972,0.6484797254627761,0.9999359337451634,35.0
6.31,0.6507220534034535,0.002242327940677332,0.6484797254627761,0.9999359334874093,35.0
6.32,0.6507220624011119,0.0022423369383356914,0.6484797254627761,0.9999359332303333,35.0
6.33,0.650722071372084,0.002242345909307936,0.6484797254627761,0.9999359329740198,35.0
6.34,0.6507220803134534,0.0022423548506772303,0.6484797254627761,0.9999359327185521,35.0
6.35,0.6507220892223633,0.002242363759587063,0.6484797254627761,0.9999359324640118,35.0
6.36,0.6507220980959969,0.0022423726332207053,0.6484797254627761,0.9999359322104795,35.0
6.37,0.6507221069315839,0.0022423814688078266,0.6484797254627761,0.9999359319580341,35.0
6.38,0.6507221157263973,0.0022423902636210698,0.6484797254627761,0.9999359317067538,35.0
6.39,0.6507221244777674,0.0022423990149913657,0.6484797254627761,0.9999359314567146,35.0
6.4,0.6507221331830678,0.0022424077202916957,0.6484797254627761,0.9999359312079917,35.0
6.41,0.6507221418397184,0.0022424163769423633,0.6484797254627761,0.9999359309606588,35.0
6.42,0.6507221504451903,0.002242424982414187,0.6484797254627761,0.9999359307147883,35.0
6.43,0.6507221589970041,0.0022424335342280384,0.6484797254627761,0.9999359304704506,35.0
6.44,0.6507221674927282,0.0022424420299521114,0.6484797254627761,0.9999359302277158,35.0
6.45,0.6507221759299846,0.002242450467208539,0.6484797254627761,0.9999359299866513,35.0
6.46,0.6507221843064458,0.0022424588436697392,0.6484797254627761,0.9999359297473238,35.0
6.47,0.6507221926198316,0.002242467157055451,0.6484797254627761,0.9999359295097985,35.0
6.48,0.6507222008679191,0.0022424754051430067,0.6484797254627761,0.9999359292741388,35.0
6.49,0.650722209048533,0.002242483585756832,0.6484797254627761,0.999935929040407,35.0
6.5,0.6507222171595514,0.0022424916967752903,0.6484797254627761,0.9999359288086636,35.0
6.51,0.6507222251989041,0.002242499736127954,0.6484797254627761,0.9999359285789678,35.0
6.52,0.6507222331645706,0.0022425077017944463,0.6484797254627761,0.9999359283513773,35.0
6.53,0.650722241054585,0.0022425155918087934,0.6484797254627761,0.9999359281259483,35.0
6.54,0.6507222488670358,0.002242523404259654,0.6484797254627761,0.9999359279027356,35.0
6.55,0.6507222566000618,0.0022425311372857378,0.6484797254627761,0.9999359276817918,35.0
6.56,0.6507222642518494,0.0022425387890733094,0.6484797254627761,0.9999359274631693,35.0
6.57,0.6507222718206492,0.0022425463578730747,0.6484797254627761,0.999935927246918,35.0
6.58,0.6507222793047448,0.002242553841968673,0.6484797254627761,0.9999359270330866,35.0
6.59,0.6507222867024887,0.0022425612397125334,0.6484797254627761,0.9999359268217225,35.0
6.6,0.6507222940122726,0.0022425685494964036,0.6484797254627761,0.9999359266128716,35.0
6.61,0.6507223012325496,0.002242575769773513,0.6484797254627761,0.9999359264065779,35.0
6.62,0.6507223083618134,0.002242582899037332,0.6484797254627761,0.9999359262028846,35.0
6.63,0.6507223153986101,0.002242589935834117,0.6484797254627761,0.9999359260018333,35.0
6.64,0.6507223223415382,0.0022425968787620253,0.6484797254627761,0.999935925803464,35.0
6.65,0.6507223291892447,0.002242603726468574,0.6484797254627761,0.9999359256078152,35.0
6.66,0.6507223359404245,0.0022426104776483713,0.6484797254627761,0.9999359254149244,35.0
6.67,0.6507223425938117,0.0022426171310355766,0.6484797254627761,0.9999359252248277,35.0
6.68,0.6507223491482013,0.002242623685425135,0.6484797254627761,0.9999359250375592,35.0
6.69,0.6507223556024245,0.0022426301396483517,0.6484797254627761,0.999935924853153,35.0
6.7,0.6507223619553582,0.002242636492582004,0.6484797254627761,0.9999359246716405,35.0
6.71,0.6507223682059341,0.0022426427431579635,0.6484797254627761,0.9999359244930526,35.0
6.72,0.6507223743531114,0.0022426488903353036,0.6484797254627761,0.9999359243174191,35.0
6.73,0.6507223803959069,0.002242654933130691,0.6484797254627761,0.9999359241447677,35.0
6.74,0.6507223863333764,0.002242660870600342,0.6484797254627761,0.9999359239751257,35.0
6.75,0.6507223921646077,0.0022426667018315594,0.6484797254627761,0.9999359238085191,35.0
6.76,0.6507223978887378,0.002242672425961701,0.6484797254627761,0.9999359236449725,35.0
6.77,0.6507224035049473,0.002242678042171097,0.6484797254627761,0.9999359234845094,35.0
6.78,0.6507224090124436,0.0022426835496675104,0.6484797254627761,0.9999359233271523,35.0
6.79,0.6507224144104848,0.0022426889477087575,0.6484797254627761,0.9999359231729227,35.0
6.8,0.6507224196983562,0.0022426942355800836,0.6484797254627761,0.9999359230218406,35.0
6.81,0.6507224248753859,0.0022426994126097124,0.6484797254627761,0.9999359228739255,35.0
6.82,0.6507224299409324,0.0022427044781562584,0.6484797254627761,0.9999359227291955,35.0
6.83,0.6507224348943943,0.0022427094316181174,0.6484797254627761,0.9999359225876681,35.0
6.84,0.6507224397352037,0.002242714272427505,0.6484797254627761,0.9999359224493592,35.0
6.85,0.6507224444628177,0.0022427190000415646,0.6484797254627761,0.9999359223142846,35.0
6.86,0.6507224490767345,0.0022427236139583397,0.6484797254627761,0.9999359221824584,35.0
6.87,0.6507224535764806,0.002242728113704456,0.6484797254627761,0.9999359220538943,35.0
6.88,0.6507224579616168,0.0022427324988405907,0.6484797254627761,0.9999359219286046,35.0
6.89,0.6507224622317276,0.002242736768951426,0.6484797254627761,0.9999359218066014,35.0
6.9,0.6507224663864286,0.0022427409236525004,0.6484797254627761,0.9999359216878957,35.0
6.91,0.6507224704253702,0.002242744962594094,0.6484797254627761,0.9999359215724973,35.0
6.92,0.6507224743482225,0.0022427488854463774,0.6484797254627761,0.9999359214604159,35.0
6.93,0.650722478154686,0.0022427526919099137,0.6484797254627761,0.9999359213516598,35.0
6.94,0.650722481844493,0.002242756381716816,0.6484797254627761,0.9999359212462368,35.0
6.95,0.6507224854173947,0.002242759954618624,0.6484797254627761,0.9999359211441539,35.0
6.96,0.6507224888731702,0.0022427634103940803,0.6484797254627761,0.9999359210454173,35.0
6.97,0.650722492211625,0.0022427667488488946,0.6484797254627761,0.9999359209500329,35.0
6.98,0.6507224954325848,0.002242769969808669,0.6484797254627761,0.9999359208580055,35.0
6.99,0.650722498535913,0.00224277307313694,0.6484797254627761,0.9999359207693389,35.0
7.0,0.6507225015214746,0.0022427760586983965,0.6484797254627761,0.9999359206840372,35.0
7.01,0.6507225043891798,0.002242778926403667,0.6484797254627761,0.9999359206021028,35.0
7.02,0.6507225071389434,0.002242781676167263,0.6484797254627761,0.9999359205235381,35.0
7.03,0.650722509770715,0.0022427843079389003,0.6484797254627761,0.9999359204483447,35.0
7.04,0.65072251228446,0.0022427868216838387,0.6484797254627761,0.9999359203765233,35.0
7.05,0.6507225146801702,0.0022427892173940748,0.6484797254627761,0.9999359203080744,35.0
7.06,0.650722516957854,0.0022427914950778425,0.6484797254627761,0.9999359202429978,35.0
7.07,0.6507225191175461,0.0022427936547698827,0.6484797254627761,0.9999359201812923,35.0
7.08,0.6507225211592897,0.0022427956965136316,0.6484797254627761,0.9999359201229568,35.0
7.09,0.6507225230831666,0.002242797620390459,0.6484797254627761,0.9999359200679889,35.0
7.1,0.650722524889262,0.002242799426485853,0.6484797254627761,0.9999359200163862,35.0
7.11,0.650722526577693,0.002242801114916848,0.6484797254627761,0.9999359199681453,35.0
7.12,0.6507225281485879,0.002242802685811675,0.6484797254627761,0.9999359199232626,35.0
7.13,0.6507225296021016,0.002242804139325535,0.6484797254627761,0.9999359198817336,35.0
7.14,0.6507225309384059,0.0022428054756298632,0.6484797254627761,0.9999359198435536,35.0
7.15,0.6507225321576836,0.002242806694907522,0.6484797254627761,0.999935919808717,35.0
7.16,0.6507225332601517,0.0022428077973756537,0.6484797254627761,0.9999359197772179,35.0
7.17,0.6507225342460325,0.002242808783256441,0.6484797254627761,0.9999359197490498,35.0
7.18,0.6507225351155709,0.0022428096527946865,0.6484797254627761,0.9999359197242059,35.0
7.19,0.6507225358690346,0.0022428104062585104,0.6484797254627761,0.9999359197026784,35.0
7.2,0.6507225365067,0.002242811043923803,0.6484797254627761,0.9999359196844594,35.0
7.21,0.6507225370288738,0.0022428115660977706,0.6484797254627761,0.9999359196695401,35.0
7.22,0.6507225374358674,0.0022428119730912768,0.6484797254627761,0.9999359196579117,35.0
7.23,0.650722537728019,0.0022428122652428458,0.6484797254627761,0.9999359196495645,35.0
7.24,0.650722537905678,0.0022428124429019667,0.6484797254627761,0.9999359196444886,35.0
7.25,0.6507225379692178,0.0022428125064416753,0.6484797254627761,0.9999359196426731,35.0
7.26,0.6507225379190194,0.0022428124562432388,0.6484797254627761,0.9999359196441074,35.0
7.27,0.6507225377554905,0.0022428122927144337,0.6484797254627761,0.9999359196487796,35.0
7.28,0.6507225374790513,0.002242812016275155,0.6484797254627761,0.9999359196566778,35.0
7.29,0.6507225370901331,0.002242811627356956,0.6484797254627761,0.9999359196677898,35.0
7.3,0.6507225365891903,0.0022428111264142406,0.6484797254627761,0.9999359196821025,35.0
7.31,0.6507225359766899,0.0022428105139137653,0.6484797254627761,0.9999359196996025,35.0
7.32,0.6507225352531173,0.002242809790341252,0.6484797254627761,0.999935919720276,35.0
7.33,0.6507225344189739,0.0022428089561977367,0.6484797254627761,0.9999359197441087,35.0
7.34,0.6507225334747649,0.002242808011988831,0.6484797254627761,0.9999359197710861,35.0
7.35,0.6507225324210307,0.0022428069582546596,0.6484797254627761,0.9999359198011928,35.0
7.36,0.6507225312583076,0.0022428057955314593,0.6484797254627761,0.9999359198344134,35.0
7.37,0.6507225299871551,0.002242804524379014,0.6484797254627761,0.999935919870732,35.0
7.38,0.6507225286081522,0.002242803145376074,0.6484797254627761,0.9999359199101322,35.0
7.39,0.650722527121878,0.002242801659101851,0.6484797254627761,0.9999359199525971,35.0
7.4,0.6507225255289352,0.002242800066159103,0.6484797254627761,0.9999359199981097,35.0
7.41,0.6507225238299377,0.0022427983671615523,0.6484797254627761,0.9999359200466525,35.0
7.42,0.6507225220255146,0.0022427965627384652,0.6484797254627761,0.9999359200982075,35.0
7.43,0.6507225201163,0.0022427946535239153,0.6484797254627761,0.9999359201527565,35.0
7.44,0.6507225181029541,0.0022427926401780247,0.6484797254627761,0.9999359202102807,35.0
7.45,0.6507225159861377,0.0022427905233616064,0.6484797254627761,0.9999359202707612,35.0
7.46,0.6507225137665235,0.0022427883037473622,0.6484797254627761,0.9999359203341787,35.0
7.47,0.6507225114448026,0.0022427859820264985,0.6484797254627761,0.9999359204005136,35.0
7.48,0.650722509021675,0.0022427835588989193,0.6484797254627761,0.9999359204697458,35.0
7.49,0.6507225064978515,0.0022427810350752592,0.6484797254627761,0.999935920541855,35.0
7.5,0.650722503874051,0.00224277841127485,0.6484797254627761,0.9999359206168208,35.0
7.51,0.6507225011510046,0.002242775688228449,0.6484797254627761,0.9999359206946221,35.0
7.52,0.6507224983294578,0.002242772866681664,0.6484797254627761,0.9999359207752377,35.0
7.53,0.6507224954101533,0.002242769947377142,0.6484797254627761,0.9999359208586465,35.0
7.54,0.6507224923938605,0.0022427669310842667,0.6484797254627761,0.9999359209448262,35.0
7.55,0.6507224892813447,0.0022427638185685364,0.6484797254627761,0.9999359210337553,35.0
7.56,0.6507224860733869,0.002242760610610763,0.6484797254627761,0.9999359211254111,35.0
7.57,0.6507224827707686,0.00224275730799245,0.6484797254627761,0.9999359212197717,35.0
7.58,0.6507224793742902,0.0022427539115140675,0.6484797254627761,0.9999359213168139,35.0
7.59,0.6507224758847558,0.002242750421979742,0.6484797254627761,0.9999359214165149,35.0
7.6,0.6507224723029702,0.00224274684019406,0.6484797254627761,0.9999359215188516,35.0
7.61,0.6507224686297532,0.002242743166977153,0.6484797254627761,0.9999359216238006,35.0
7.62,0.6507224648659287,0.002242739403152576,0.6484797254627761,0.9999359217313385,35.0
7.63,0.6507224610123321,0.002242735549556001,0.6484797254627761,0.9999359218414413,35.0
7.64,0.6507224570697987,0.0022427316070226413,0.6484797254627761,0.9999359219540851,35.0
7.65,0.6507224530391758,0.002242727576399597,0.6484797254627761,0.9999359220692458,35.0
7.66,0.6507224489213066,0.002242723458530543,0.6484797254627761,0.9999359221868991,35.0
7.67,0.6507224447170501,0.002242719254274007,0.6484797254627761,0.9999359223070208,35.0
7.68,0.6507224404272649,0.002242714964488747,0.6484797254627761,0.9999359224295861,35.0
7.69,0.6507224360528215,0.002242710590045407,0.6484797254627761,0.9999359225545702,35.0
7.7,0.6507224315945864,0.002242706131810287,0.6484797254627761,0.9999359226819483,35.0
7.71,0.6507224270534376,0.0022427015906615723,0.6484797254627761,0.9999359228116954,35.0
7.72,0.6507224224302499,0.002242696967473795,0.6484797254627761,0.9999359229437865,35.0
7.73,0.6507224177259129,0.002242692263136798,0.6484797254627761,0.9999359230781961,35.0
7.74,0.6507224129413085,0.002242687478532423,0.6484797254627761,0.9999359232148991,35.0
7.75,0.6507224080773273,0.002242682614551207,0.6484797254627761,0.99993592335387,35.0
7.76,0.6507224031348698,0.0022426776720937272,0.6484797254627761,0.999935923495083,35.0
7.77,0.6507223981148306,0.0022426726520544055,0.6484797254627761,0.9999359236385128,35.0
7.78,0.650722393018107,0.0022426675553308575,0.6484797254627761,0.9999359237841334,35.0
7.79,0.650722387845608,0.0022426623828318937,0.6484797254627761,0.9999359239319191,35.0
7.8,0.6507223825982357,0.0022426571354594773,0.6484797254627761,0.9999359240818441,35.0
7.81,0.6507223772769026,0.002242651814126536,0.6484797254627761,0.9999359242338822,35.0
7.82,0.650722371882515,0.0022426464197389177,0.6484797254627761,0.9999359243880075,35.0
7.83,0.6507223664159891,0.002242640953212975,0.6484797254627761,0.999935924544194,35.0
7.84,0.6507223608782421,0.0022426354154659826,0.6484797254627761,0.9999359247024152,35.0
7.85,0.6507223552701837,0.0022426298074076745,0.6484797254627761,0.9999359248626455,35.0
7.86,0.6507223495927388,0.0022426241299626356,0.6484797254627761,0.9999359250248583,35.0
7.87,0.6507223438468275,0.002242618384051335,0.6484797254627761,0.9999359251890272,35.0
7.88,0.6507223380333638,0.002242612570587623,0.6484797254627761,0.9999359253551261,35.0
7.89,0.6507223321532797,0.002242606690503625,0.6484797254627761,0.9999359255231285,35.0
7.9,0.6507223262074928,0.002242600744716617,0.6484797254627761,0.9999359256930082,35.0
7.91,0.6507223201969276,0.002242594734151414,0.6484797254627761,0.9999359258647386,35.0
7.92,0.6507223141225089,0.002242588659732832,0.6484797254627761,0.9999359260382933,35.0
7.93,0.6507223079851654,0.0022425825223893413,0.6484797254627761,0.999935926213646,35.0
7.94,0.6507223017858185,0.0022425763230423347,0.6484797254627761,0.9999359263907702,35.0
7.95,0.6507222955254001,0.002242570062623937,0.6484797254627761,0.9999359265696393,35.0
7.96,0.6507222892048352,0.002242563742059195,0.6484797254627761,0.9999359267502269,35.0
7.97,0.650722282825053,0.00224255736227681,0.6484797254627761,0.9999359269325064,35.0
7.98,0.6507222763869738,0.0022425509241977126,0.6484797254627761,0.9999359271164515,35.0
7.99,0.6507222698915307,0.00224254442875449,0.6484797254627761,0.9999359273020356,35.0
8.0,0.6507222633396479,0.0022425378768717264,0.6484797254627761,0.9999359274892323,35.0
8.01,0.6507222567322546,0.0022425312694783553,0.6484797254627761,0.9999359276780149,35.0
8.02,0.6507222500702714,0.0022425246074953054,0.6484797254627761,0.9999359278683573,35.0
8.03,0.6507222433546274,0.0022425178918512798,0.6484797254627761,0.9999359280602329,35.0
8.04,0.6507222365862436,0.0022425111234674376,0.6484797254627761,0.9999359282536152,35.0
8.05,0.6507222297660479,0.0022425043032717894,0.6484797254627761,0.999935928448478,35.0
8.06,0.6507222228949618,0.0022424974321857264,0.6484797254627761,0.9999359286447947,35.0
8.07,0.6507222159739063,0.0022424905111301783,0.6484797254627761,0.9999359288425392,35.0
8.08,0.6507222090038023,0.0022424835410260755,0.6484797254627761,0.999935929041685,35.0
8.09,0.6507222019855664,0.0022424765227902306,0.6484797254627761,0.9999359292422061,35.0
8.1,0.6507221949201238,0.0022424694573476914,0.6484797254627761,0.9999359294440758,35.0
8.11,0.6507221878083835,0.0022424623456074985,0.6484797254627761,0.9999359296472684,35.0
8.12,0.6507221806512631,0.0022424551884869274,0.6484797254627761,0.9999359298517576,35.0
8.13,0.6507221734496753,0.0022424479868991373,0.6484797254627761,0.9999359300575171,35.0
8.14,0.6507221662045333,0.0022424407417570547,0.6484797254627761,0.9999359302645213,35.0
8.15,0.6507221589167459,0.0022424334539697223,0.6484797254627761,0.9999359304727438,35.0
8.16,0.6507221515872194,0.002242426124443219,0.6484797254627761,0.9999359306821588,35.0
8.17,0.6507221442168586,0.00224241875408247,0.6484797254627761,0.9999359308927406,35.0
8.18,0.6507221368065652,0.002242411343788976,0.6484797254627761,0.9999359311044632,35.0
8.19,0.6507221293572443,0.002242403894468125,0.6484797254627761,0.999935931317301,35.0
8.2,0.6507221218697901,0.0022423964070138764,0.6484797254627761,0.9999359315312283,35.0
8.21,0.6507221143451031,0.0022423888823270397,0.6484797254627761,0.9999359317462193,35.0
8.22,0.6507221067840667,0.0022423813212906095,0.6484797254627761,0.9999359319622488,35.0
8.23,0.6507220991875815,0.0022423737248053947,0.6484797254627761,0.9999359321792913,35.0
8.24,0.6507220915565259,0.0022423660937498126,0.6484797254627761,0.9999359323973216,35.0
8.25,0.6507220838917899,0.0022423584290137072,0.6484797254627761,0.999935932616314,35.0
8.26,0.6507220761942548,0.0022423507314786885,0.6484797254627761,0.9999359328362435,35.0
8.27,0.6507220684647921,0.002242343002015865,0.6484797254627761,0.9999359330570853,35.0
8.28,0.650722060704283,0.0022423352415068456,0.6484797254627761,0.9999359332788141,35.0
8.29,0.6507220529135944,0.002242327450818391,0.6484797254627761,0.9999359335014053,35.0
8.3,0.6507220450935968,0.002242319630820685,0.6484797254627761,0.9999359337248338,35.0
8.31,0.6507220372451524,0.0022423117823763715,0.6484797254627761,0.9999359339490751,35.0
8.32,0.6507220293691243,0.002242303906348094,0.6484797254627761,0.9999359341741044,35.0
8.33,0.6507220214663629,0.002242296003586837,0.6484797254627761,0.9999359343998976,35.0
8.34,0.6507220135377275,0.0022422880749513588,0.6484797254627761,0.99993593462643,35.0
8.35,0.6507220055840647,0.0022422801212885293,0.6484797254627761,0.9999359348536775,35.0
8.36,0.6507219976062143,0.002242272143438138,0.6484797254627761,0.9999359350816162,35.0
8.37,0.6507219896050267,0.002242264142250479,0.6484797254627761,0.9999359353102215,35.0
8.38,0.6507219815813264,0.0022422561185502605,0.6484797254627761,0.99993593553947,35.0
8.39,0.6507219735359557,0.0022422480731795432,0.6484797254627761,0.9999359357693377,35.0
8.4,0.6507219654697353,0.0022422400069591498,0.6484797254627761,0.9999359359998012,35.0
8.41,0.6507219573834959,0.0022422319207197135,0.6484797254627761,0.9999359362308367,35.0
8.42,0.6507219492780464,0.0022422238152701706,0.6484797254627761,0.9999359364624208,35.0
8.43,0.6507219411542066,0.00224221569143042,0.6484797254627761,0.9999359366945306,35.0
8.44,0.6507219330127844,0.0022422075500082416,0.6484797254627761,0.9999359369271427,35.0
8.45,0.650721924854588,0.0022421993918118797,0.6484797254627761,0.999935937160234,35.0
8.46,0.6507219166804105,0.0022421912176342623,0.6484797254627761,0.999935937393782,35.0
8.47,0.6507219084910518,0.002242183028275631,0.6484797254627761,0.9999359376277637,35.0
8.48,0.6507219002873011,0.0022421748245250294,0.6484797254627761,0.9999359378621564,35.0
8.49,0.6507218920699432,0.002242166607167154,0.6484797254627761,0.9999359380969381,35.0
8.5,0.6507218838397553,0.002242158376979161,0.6484797254627761,0.9999359383320864,35.0
8.51,0.650721875597518,0.0022421501347418627,0.6484797254627761,0.9999359385675789,35.0
8.52,0.6507218673439935,0.002242141881217332,0.6484797254627761,0.9999359388033939,35.0
8.53,0.6507218590799543,0.0022421336171781483,0.6484797254627761,0.9999359390395092,35.0
8.54,0.6507218508061511,0.0022421253433749584,0.6484797254627761,0.9999359392759036,35.0
8.55,0.6507218425233451,0.0022421170605689145,0.6484797254627761,0.9999359395125552,35.0
8.56,0.650721834232282,0.0022421087695058553,0.6484797254627761,0.9999359397494428,35.0
8.57,0.6507218259337045,0.002242100470928427,0.6484797254627761,0.999935939986545,35.0
8.58,0.6507218176283508,0.0022420921655746965,0.6484797254627761,0.9999359402238408,35.0
8.59,0.6507218093169513,0.002242083854175191,0.6484797254627761,0.9999359404613094,35.0
8.6,0.6507218010002325,0.0022420755374563204,0.6484797254627761,0.9999359406989299,35.0
8.61,0.650721792678921,0.0022420672161449565,0.6484797254627761,0.9999359409366817,35.0
8.62,0.6507217843537242,0.0022420588909480804,0.6484797254627761,0.9999359411745443,35.0
8.63,0.6507217760253607,0.0022420505625845616,0.6484797254627761,0.9999359414124976,35.0
8.64,0.6507217676945263,0.002242042231750186,0.6484797254627761,0.9999359416505216,35.0
8.65,0.6507217593619239,0.0022420338991478183,0.6484797254627761,0.9999359418885959,35.0
8.66,0.6507217510282456,0.002242025565469358,0.6484797254627761,0.9999359421267009,35.0
8.67,0.6507217426941824,0.0022420172314062425,0.6484797254627761,0.9999359423648171,35.0
8.68,0.6507217343604071,0.002242008897630944,0.6484797254627761,0.999935942602925,35.0
8.69,0.6507217260275997,0.0022420005648234732,0.6484797254627761,0.9999359428410051,35.0
8.7,0.6507217176964317,0.0022419922336556087,0.6484797254627761,0.9999359430790384,35.0
8.71,0.6507217093675642,0.0022419839047881644,0.6484797254627761,0.9999359433170061,35.0
8.72,0.6507217010416543,0.0022419755788780677,0.6484797254627761,0.9999359435548892,35.0
8.73,0.6507216927193575,0.0022419672565813227,0.6484797254627761,0.9999359437926691,35.0
8.74,0.6507216844013158,0.0022419589385397768,0.6484797254627761,0.9999359440303275,35.0
8.75,0.6507216760881702,0.002241950625394121,0.6484797254627761,0.9999359442678459,35.0
8.76,0.650721667780558,0.002241942317781854,0.6484797254627761,0.9999359445052063,35.0
8.77,0.6507216594791043,0.0022419340163281265,0.6484797254627761,0.9999359447423907,35.0
8.78,0.6507216511844349,0.0022419257216587784,0.6484797254627761,0.9999359449793812,35.0
8.79,0.6507216428971601,0.0022419174343838778,0.6484797254627761,0.9999359452161605,35.0
8.8,0.6507216346178971,0.0022419091551210326,0.6484797254627761,0.9999359454527108,35.0
8.81,0.650721626347245,0.0022419008844688846,0.6484797254627761,0.9999359456890153,35.0
8.82,0.650721618085802,0.0022418926230258437,0.6484797254627761,0.9999359459250564,35.0
8.83,0.6507216098341623,0.002241884371386203,0.6484797254627761,0.9999359461608176,35.0
8.84,0.6507216015929127,0.002241876130136485,0.6484797254627761,0.9999359463962818,35.0
8.85,0.650721593362632,0.0022418678998559023,0.6484797254627761,0.9999359466314327,35.0
8.86,0.6507215851438918,0.0022418596811156636,0.6484797254627761,0.9999359468662539,35.0
8.87,0.6507215769372628,0.0022418514744867485,0.6484797254627761,0.999935947100729,35.0
8.88,0.6507215687433051,0.0022418432805289402,0.6484797254627761,0.9999359473348421,35.0
8.89,0.650721560562574,0.0022418350997979054,0.6484797254627761,0.9999359475685773,35.0
8.9,0.650721552395621,0.0022418269328449633,0.6484797254627761,0.9999359478019189,35.0
8.91,0.6507215442429906,0.002241818780214353,0.6484797254627761,0.9999359480348511,35.0
8.92,0.6507215361052145,0.0022418106424384283,0.6484797254627761,0.999935948267359,35.0
8.93,0.6507215279828257,0.0022418025200495392,0.6484797254627761,0.9999359484994271,35.0
8.94,0.6507215198763557,0.0022417944135795778,0.6484797254627761,0.9999359487310406,35.0
8.95,0.6507215117863142,0.0022417863235380414,0.6484797254627761,0.9999359489621847,35.0
8.96,0.6507215037132176,0.002241778250441509,0.6484797254627761,0.9999359491928447,35.0
8.97,0.6507214956575714,0.0022417701947953627,0.6484797254627761,0.9999359494230059,35.0
8.98,0.6507214876198801,0.0022417621571040615,0.6484797254627761,0.9999359496526542,35.0
8.99,0.6507214796006302,0.00224175413785402,0.6484797254627761,0.9999359498817756,35.0
9.0,0.6507214716003183,0.0022417461375421575,0.6484797254627761,0.999935950110356,35.0
9.01,0.6507214636194225,0.002241738156646424,0.6484797254627761,0.9999359503383816,35.0
9.02,0.6507214556584172,0.002241730195641116,0.6484797254627761,0.9999359505658388,35.0
9.03,0.6507214477177723,0.002241722254996182,0.6484797254627761,0.9999359507927144,35.0
9.04,0.6507214397979538,0.002241714335177685,0.6484797254627761,0.999935951018995,35.0
9.05,0.6507214318994167,0.0022417064366404924,0.6484797254627761,0.9999359512446675,35.0
9.06,0.6507214240226151,0.002241698559839009,0.6484797254627761,0.9999359514697189,35.0
9.07,0.650721416167989,0.00224169070521279,0.6484797254627761,0.9999359516941368,35.0
9.08,0.6507214083359839,0.0022416828732077774,0.6484797254627761,0.9999359519179083,35.0
9.09,0.6507214005270284,0.0022416750642523294,0.6484797254627761,0.9999359521410214,35.0
9.1,0.6507213927415494,0.0022416672787731896,0.6484797254627761,0.9999359523634637,35.0
9.11,0.65072138497997,0.0022416595171939092,0.6484797254627761,0.999935952585223,35.0
9.12,0.6507213772427027,0.00224165177992661,0.6484797254627761,0.9999359528062879,35.0
9.13,0.6507213695301557,0.0022416440673795317,0.6484797254627761,0.9999359530266463,35.0
9.14,0.6507213618427322,0.0022416363799561017,0.6484797254627761,0.999935953246287,35.0
9.15,0.650721354180829,0.0022416287180529004,0.6484797254627761,0.9999359534651985,35.0
9.16,0.6507213465448385,0.0022416210820623925,0.6484797254627761,0.9999359536833697,35.0
9.17,0.6507213389351415,0.002241613472365384,0.6484797254627761,0.9999359539007896,35.0
9.18,0.6507213313521188,0.0022416058893426813,0.6484797254627761,0.9999359541174475,35.0
9.19,0.6507213237961393,0.002241598333363203,0.6484797254627761,0.9999359543333325,35.0
9.2,0.6507213162675761,0.0022415908047999835,0.6484797254627761,0.9999359545484343,35.0
9.21,0.6507213087667829,0.0022415833040068606,0.6484797254627761,0.9999359547627427,35.0
9.22,0.6507213012941135,0.00224157583133744,0.6484797254627761,0.9999359549762475,35.0
9.23,0.6507212938499247,0.00224156838714852,0.6484797254627761,0.9999359551889386,35.0
9.24,0.6507212864345511,0.0022415609717749718,0.6484797254627761,0.9999359554008065,35.0
9.25,0.6507212790483341,0.0022415535855580507,0.6484797254627761,0.9999359556118412,35.0
9.26,0.6507212716916047,0.0022415462288285096,0.6484797254627761,0.9999359558220335,35.0
9.27,0.6507212643646814,0.002241538901905214,0.6484797254627761,0.9999359560313742,35.0
9.28,0.6507212570678897,0.002241531605113645,0.6484797254627761,0.999935956239854,35.0
9.29,0.6507212498015414,0.0022415243387653595,0.6484797254627761,0.9999359564474639,35.0
9.3,0.6507212425659469,0.002241517103170757,0.6484797254627761,0.9999359566541952,35.0
9.31,0.6507212353614015,0.002241509898625387,0.6484797254627761,0.9999359568600393,35.0
9.32,0.6507212281882045,0.0022415027254284554,0.6484797254627761,0.9999359570649878,35.0
9.33,0.6507212210466436,0.002241495583867511,0.6484797254627761,0.9999359572690324,35.0
9.34,0.6507212139370097,0.0022414884742335234,0.6484797254627761,0.9999359574721648,35.0
9.35,0.6507212068595751,0.002241481396798961,0.6484797254627761,0.9999359576743773,35.0
9.36,0.6507211998146193,0.0022414743518431373,0.6484797254627761,0.9999359578756617,35.0
9.37,0.650721192802403,0.0022414673396268614,0.6484797254627761,0.9999359580760107,35.0
9.38,0.6507211858231938,0.0022414603604177905,0.6484797254627761,0.9999359582754167,35.0
9.39,0.6507211788772447,0.0022414534144685003,0.6484797254627761,0.9999359584738724,35.0
9.4,0.6507211719648079,0.002241446502031798,0.6484797254627761,0.9999359586713706,35.0
9.41,0.6507211650861284,0.0022414396233522557,0.6484797254627761,0.9999359588679042,35.0
9.42,0.6507211582414469,0.0022414327786707934,0.6484797254627761,0.9999359590634667,35.0
9.43,0.6507211514309931,0.0022414259682169016,0.6484797254627761,0.999935959258051,35.0
9.44,0.6507211446550033,0.0022414191922271514,0.6484797254627761,0.9999359594516507,35.0
9.45,0.6507211379136955,0.002241412450919378,0.6484797254627761,0.9999359596442595,35.0
9.46,0.6507211312072946,0.002241405744518495,0.6484797254627761,0.999935959835871,35.0
9.47,0.6507211245360034,0.0022413990732272552,0.6484797254627761,0.9999359600264792,35.0
9.48,0.6507211179000351,0.0022413924372589153,0.6484797254627761,0.9999359602160784,35.0
9.49,0.6507211112995916,0.002241385836815535,0.6484797254627761,0.9999359604046625,35.0
9.5,0.6507211047348714,0.0022413792720952894,0.6484797254627761,0.999935960592226,35.0
9.51,0.6507210982060647,0.0022413727432885827,0.6484797254627761,0.9999359607787632,35.0
9.52,0.6507210917133541,0.002241366250578045,0.6484797254627761,0.9999359609642693,35.0
9.53,0.6507210852569261,0.0022413597941499646,0.6484797254627761,0.9999359611487386,35.0
9.54,0.6507210788369553,0.002241353374179201,0.6484797254627761,0.9999359613321663,35.0
9.55,0.6507210724536131,0.0022413469908369585,0.6484797254627761,0.9999359615145477,35.0
9.56,0.6507210661070623,0.00224134064428621,0.6484797254627761,0.9999359616958776,35.0
9.57,0.6507210597974665,0.002241334334690389,0.6484797254627761,0.9999359618761517,35.0
9.58,0.6507210535249842,0.0022413280622081196,0.6484797254627761,0.9999359620553655,35.0
9.59,0.6507210472897603,0.0022413218269840994,0.6484797254627761,0.9999359622335148,35.0
9.6,0.6507210410919453,0.002241315629169182,0.6484797254627761,0.9999359624105952,35.0
9.61,0.6507210349316794,0.002241309468903254,0.6484797254627761,0.9999359625866028,35.0
9.62,0.6507210288090984,0.0022413033463223185,0.6484797254627761,0.9999359627615337,35.0
9.63,0.6507210227243349,0.0022412972615587228,0.6484797254627761,0.9999359629353841,35.0
9.64,0.6507210166775127,0.0022412912147365817,0.6484797254627761,0.9999359631081505,35.0
9.65,0.6507210106687528,0.0022412852059765843,0.6484797254627761,0.9999359632798293,35.0
9.66,0.6507210046981785,0.002241279235402384,0.6484797254627761,0.9999359634504171,35.0
9.67,0.6507209987658921,0.002241273303115933,0.6484797254627761,0.999935963619911,35.0
9.68,0.6507209928720129,0.0022412674092367685,0.6484797254627761,0.9999359637883076,35.0
9.69,0.6507209870166348,0.0022412615538586105,0.6484797254627761,0.9999359639556041,35.0
9.7,0.6507209811998588,0.00224125573708272,0.6484797254627761,0.9999359641217976,35.0
9.71,0.6507209754217814,0.0022412499590053186,0.6484797254627761,0.9999359642868857,35.0
9.72,0.6507209696824889,0.002241244219712816,0.6484797254627761,0.9999359644508654,35.0
9.73,0.6507209639820661,0.0022412385192900073,0.6484797254627761,0.9999359646137346,35.0
9.74,0.6507209583205951,0.002241232857818956,0.6484797254627761,0.999935964775491,35.0
9.75,0.6507209526981492,0.00224122723537303,0.6484797254627761,0.9999359649361322,35.0
9.76,0.6507209471148024,0.0022412216520262896,0.6484797254627761,0.9999359650956564,35.0
9.77,0.650720941570621,0.0022412161078447933,0.6484797254627761,0.9999359652540616,35.0
9.78,0.6507209360656668,0.002241210602890714,0.6484797254627761,0.9999359654113461,35.0
9.79,0.6507209305999982,0.002241205137222107,0.6484797254627761,0.999935965567508,35.0
9.8,0.6507209251736734,0.0022411997108972587,0.6484797254627761,0.9999359657225458,35.0
9.81,0.650720919786739,0.0022411943239628,0.6484797254627761,0.9999359658764583,35.0
9.82,0.6507209144392415,0.002241188976465358,0.6484797254627761,0.999935966029244,35.0
9.83,0.6507209091312202,0.0022411836684440235,0.6484797254627761,0.9999359661809016,35.0
9.84,0.6507209038627174,0.0022411783999413083,0.6484797254627761,0.9999359663314303,35.0
9.85,0.6507208986337641,0.0022411731709880674,0.6484797254627761,0.999935966480829,35.0
9.86,0.6507208934443915,0.002241167981615388,0.6484797254627761,0.9999359666290967,35.0
9.87,0.6507208882946232,0.0022411628318470458,0.6484797254627761,0.9999359667762331,35.0
9.88,0.6507208831844784,0.0022411577217022393,0.6484797254627761,0.9999359669222372,35.0
9.89,0.6507208781139799,0.002241152651203821,0.6484797254627761,0.9999359670671084,35.0
9.9,0.65072087308314,0.0022411476203639106,0.6484797254627761,0.9999359672108469,35.0
9.91,0.6507208680919698,0.002241142629193703,0.6484797254627761,0.9999359673534517,35.0
9.92,0.65072086314047,0.002241137677693891,0.6484797254627761,0.9999359674949231,35.0
9.93,0.6507208582286513,0.0022411327658752086,0.6484797254627761,0.9999359676352607,35.0
9.94,0.6507208533565031,0.002241127893726922,0.6484797254627761,0.999935967774465,35.0
9.95,0.6507208485240281,0.0022411230612519937,0.6484797254627761,0.9999359679125357,35.0
9.96,0.6507208437312153,0.0022411182684392277,0.6484797254627761,0.9999359680494733,35.0
9.97,0.6507208389780496,0.002241113515273312,0.6484797254627761,0.999935968185278,35.0
9.98,0.6507208342645183,0.002241108801742127,0.6484797254627761,0.9999359683199502,35.0
9.99,0.6507208295906024,0.0022411041278262447,0.6484797254627761,0.9999359684534908,35.0
10.0,0.6507208249562663,0.002241099493490162,0.6484797254627761,0.9999359685859003,35.0
