t_s,pG_pu,Pm_abs_pu_sysbase,Pm_initial_pu_sysbase
0.0,0.0,6.309952453168136,6.309952453168136
0.01,-8.881784197001252e-16,6.309952453168135,6.309952453168136
0.02,-8.881784197001252e-16,6.309952453168135,6.309952453168136
0.03,-8.881784197001252e-16,6.309952453168135,6.309952453168136
0.04,8.881784197001252e-16,6.309952453168137,6.309952453168136
0.05,0.0,6.309952453168136,6.309952453168136
0.06,0.0,6.309952453168136,6.309952453168136
0.07,0.0,6.309952453168136,6.309952453168136
0.08,0.0,6.309952453168136,6.309952453168136
0.09,0.0,6.309952453168136,6.309952453168136
0.1,0.0,6.309952453168136,6.309952453168136
0.11,0.0001004688335992654,6.310052922001735,6.309952453168136
0.12,0.00039084370216624365,6.310343296870302,6.309952453168136
0.13,0.0008491329387725344,6.3108015861069084,6.309952453168136
0.14,0.0014525819128312634,6.311405035080967,6.309952453168136
0.15,0.002181771497840934,6.312134224665977,6.309952453168136
0.16,0.0030151084130976002,6.3129675615812335,6.309952453168136
0.17,0.003936068350040678,6.313888521518177,6.309952453168136
0.18,0.004928080101680443,6.314880533269816,6.309952453168136
0.19,0.005975832306908124,6.315928285475044,6.309952453168136
0.2,0.007065108440987622,6.3170175616091235,6.309952453168136
0.21,0.008182800252078515,6.318135253420214,6.309952453168136
0.22,0.009316877035775661,6.319269330203912,6.309952453168136
0.23,0.010456392214313048,6.320408845382449,6.309952453168136
0.24,0.011591426106880576,6.3215438792750165,6.309952453168136
0.25,0.012713061567628081,6.322665514735764,6.309952453168136
0.26,0.013813380372087458,6.323765833540223,6.309952453168136
0.27,0.01488542762024192,6.324837880788378,6.309952453168136
0.28,0.015923180837847717,6.325875634005984,6.309952453168136
0.29,0.016921514525056303,6.326873967693192,6.309952453168136
0.3,0.017876161530531398,6.327828614698667,6.309952453168136
0.31,0.018783670710253553,6.3287361238783895,6.309952453168136
0.32,0.01964136191736454,6.3295938150855005,6.309952453168136
0.33,0.020447276654491198,6.330399729822627,6.309952453168136
0.34,0.021200127852986306,6.331152581021122,6.309952453168136
0.35,0.02189924761105022,6.331851700779186,6.309952453168136
0.36,0.022544532462315026,6.332496985630451,6.309952453168136
0.37,0.023136389660243672,6.33308884282838,6.309952453168136
0.38,0.023675681552737693,6.333628134720874,6.309952453168136
0.39,0.024163671511170826,6.334116124679307,6.309952453168136
0.4,0.024601970093372394,6.334554423261508,6.309952453168136
0.41,0.024992482398851656,6.334944935566988,6.309952453168136
0.42,0.02533735744926613,6.335289810617402,6.309952453168136
0.43,0.025638939236341862,6.335591392404478,6.309952453168136
0.44,0.025899720565413453,6.335852173733549,6.309952453168136
0.45,0.026122299212208766,6.336074752380345,6.309952453168136
0.46,0.02630933728432705,6.336261790452463,6.309952453168136
0.47,0.02646352353635617,6.336415976704492,6.309952453168136
0.48,0.026587539027037366,6.336539992195173,6.309952453168136
0.49,0.026684026161945873,6.336636479330082,6.309952453168136
0.5,0.026755561063975364,6.336708014232111,6.309952453168136
0.51,0.026804629580593264,6.336757082748729,6.309952453168136
0.52,0.026833606447328684,6.336786059615465,6.309952453168136
0.53,0.026844738165718418,6.336797191333854,6.309952453168136
0.54,0.026840128761207005,6.336792581929343,6.309952453168136
0.55,0.0268217291327133,6.336774182300849,6.309952453168136
0.56,0.02679132900418235,6.336743782172318,6.309952453168136
0.57,0.026750552125382576,6.3367030052935185,6.309952453168136
0.58,0.026700853750923237,6.336653306919059,6.309952453168136
0.59,0.026643520994597658,6.336595974162734,6.309952453168136
0.6,0.026579675040858675,6.336532128208995,6.309952453168136
0.61,0.02651027572023512,6.336462728888371,6.309952453168136
0.62,0.026436127662582187,6.336388580830718,6.309952453168136
0.63,0.026357888179774136,6.33631034134791,6.309952453168136
0.64,0.026276076450655772,6.336228529618792,6.309952453168136
0.65,0.026191083688905437,6.336143536857041,6.309952453168136
0.66,0.026103184511307553,6.3360556376794435,6.309952453168136
0.67,0.02601254861392821,6.335965001782064,6.309952453168136
0.68,0.02591925325486688,6.335871706423003,6.309952453168136
0.69,0.025823295782018363,6.335775748950154,6.309952453168136
0.7,0.025724606290228103,6.335677059458364,6.309952453168136
0.71,0.02562306030180661,6.3355755134699425,6.309952453168136
0.72,0.025518491028500456,6.335470944196636,6.309952453168136
0.73,0.025410701381098022,6.335363154549234,6.309952453168136
0.74,0.025299475357830836,6.335251928525967,6.309952453168136
0.75,0.025184588836663302,6.335137042004799,6.309952453168136
0.76,0.02506581962009502,6.335018272788231,6.309952453168136
0.77,0.02494295665948787,6.334895409827624,6.309952453168136
0.78,0.02481580838164188,6.334768261549778,6.309952453168136
0.79,0.024684210082900115,6.334636663251036,6.309952453168136
0.8,0.024548030355172834,6.334500483523309,6.309952453168136
0.81,0.02440717647453905,6.334359629642675,6.309952453168136
0.82,0.024261598849744992,6.334214052017881,6.309952453168136
0.83,0.024111294379504322,6.33406374754764,6.309952453168136
0.84,0.023956308929860448,6.333908762097996,6.309952453168136
0.85,0.023796738722331234,6.333749191890467,6.309952453168136
0.86,0.023632730952864556,6.3335851841210005,6.309952453168136
0.87,0.023464483373241585,6.3334169365413775,6.309952453168136
0.88,0.023292243217340136,6.333244696385476,6.309952453168136
0.89,0.02311630520585428,6.33306875837399,6.309952453168136
0.9,0.02293700901757756,6.3328894621857135,6.309952453168136
0.91,0.022754735994694464,6.33270718916283,6.309952453168136
0.92,0.02256990541326509,6.332522358581401,6.309952453168136
0.93,0.022382970236376032,6.332335423404512,6.309952453168136
0.94,0.022194412469810132,6.332146865637946,6.309952453168136
0.95,0.022004738241341748,6.331957191409478,6.309952453168136
0.96,0.021814472609674063,6.33176692577781,6.309952453168136
0.97,0.021624154256612904,6.331576607424749,6.309952453168136
0.98,0.02143433006442841,6.331386783232564,6.309952453168136
0.99,0.021245549707514577,6.3311980028756505,6.309952453168136
1.0,0.021058360291833722,6.33101081345997,6.309952453168136
1.01,0.020873301126912658,6.330825754295049,6.309952453168136
1.02,0.02069089866067575,6.330643351828812,6.309952453168136
1.03,0.020511661687741878,6.330464114855878,6.309952453168136
1.04,0.020336076788822766,6.330288529956959,6.309952453168136
1.05,0.02016460416151844,6.330117057329654,6.309952453168136
1.06,0.019997673773515245,6.329950126941651,6.309952453168136
1.07,0.019835681900397972,6.329788135068534,6.309952453168136
1.08,0.019678988154840482,6.329631441322976,6.309952453168136
1.09,0.01952791286282629,6.329480366030962,6.309952453168136
1.1,0.01938273499071741,6.329335188158853,6.309952453168136
1.11,0.01924369043779528,6.329196143605931,6.309952453168136
1.12,0.019110970897252777,6.329063424065389,6.309952453168136
1.13,0.01898472307518073,6.328937176243317,6.309952453168136
1.14,0.01886504845077308,6.328817501618909,6.309952453168136
1.15,0.018752003415152707,6.328704456583289,6.309952453168136
1.16,0.018645599885927844,6.328598053054064,6.309952453168136
1.17,0.018545806265577447,6.328498259433713,6.309952453168136
1.18,0.018452548864805074,6.328405002032941,6.309952453168136
1.19,0.018365713570585918,6.328318166738722,6.309952453168136
1.2,0.018285147954959946,6.328237601123096,6.309952453168136
1.21,0.018210663558765106,6.328163116726901,6.309952453168136
1.22,0.018142038547494188,6.32809449171563,6.309952453168136
1.23,0.01807902047980736,6.328031473647943,6.309952453168136
1.24,0.018021329366369798,6.327973782534506,6.309952453168136
1.25,0.017968660788461044,6.327921113956597,6.309952453168136
1.26,0.017920689209227625,6.3278731423773635,6.309952453168136
1.27,0.01787707131058358,6.3278295244787195,6.309952453168136
1.28,0.017837449393673488,6.327789902561809,6.309952453168136
1.29,0.01780145479858053,6.327753907966716,6.309952453168136
1.3,0.017768711286408667,6.327721164454545,6.309952453168136
1.31,0.017738838375096044,6.327691291543232,6.309952453168136
1.32,0.017711454590600972,6.327663907758737,6.309952453168136
1.33,0.01768618060578131,6.327638633773917,6.309952453168136
1.34,0.017662642248115645,6.327615095416252,6.309952453168136
1.35,0.017640473341749896,6.327592926509886,6.309952453168136
1.36,0.01761931838341102,6.327571771551547,6.309952453168136
1.37,0.017598835002805124,6.327551288170941,6.309952453168136
1.38,0.017578696225673873,6.32753114939381,6.309952453168136
1.39,0.017558592523734262,6.32751104569187,6.309952453168136
1.4,0.017538233590800978,6.327490686758937,6.309952453168136
1.41,0.017517349937274496,6.32746980310541,6.309952453168136
1.42,0.01749569417748109,6.327448147345617,6.309952453168136
1.43,0.017473042113576476,6.327425495281712,6.309952453168136
1.44,0.017449193572184996,6.327401646740321,6.309952453168136
1.45,0.017423972959430323,6.327376426127566,6.309952453168136
1.46,0.017397229625692567,6.3273496827938285,6.309952453168136
1.47,0.017368837958549044,6.327321291126685,6.309952453168136
1.48,0.017338697285055993,6.327291150453192,6.309952453168136
1.49,0.017306731540037923,6.327259184708174,6.309952453168136
1.5,0.017272888741436176,6.327225341909572,6.309952453168136
1.51,0.0172371402749798,6.327189593443116,6.309952453168136
1.52,0.01719948002865923,6.327151933196795,6.309952453168136
1.53,0.0171599233277,6.327112376495836,6.309952453168136
1.54,0.017118505781113846,6.32707095894925,6.309952453168136
1.55,0.017075281949362697,6.327027735117499,6.309952453168136
1.56,0.017030323963953542,6.3269827771320895,6.309952453168136
1.57,0.016983720000434133,6.32693617316857,6.309952453168136
1.58,0.01693557273368551,6.326888025901821,6.309952453168136
1.59,0.016885997692007493,6.326838450860143,6.309952453168136
1.6,0.01683512160609979,6.326787574774236,6.309952453168136
1.61,0.016783080729454447,6.32673553389759,6.309952453168136
1.62,0.01673001914176897,6.326682472309905,6.309952453168136
1.63,0.01667608708007773,6.326628540248214,6.309952453168136
1.64,0.016621439283017736,6.326573892451154,6.309952453168136
1.65,0.016566233380832962,6.326518686548969,6.309952453168136
1.66,0.016510628332135013,6.326463081500271,6.309952453168136
1.67,0.016454782926017764,6.326407236094154,6.309952453168136
1.68,0.016398854356952874,6.326351307525089,6.309952453168136
1.69,0.016342996879733285,6.326295450047869,6.309952453168136
1.7,0.0162873605592333,6.326239813727369,6.309952453168136
1.71,0.016232090115654962,6.326184543283791,6.309952453168136
1.72,0.01617732386635584,6.326129777034492,6.309952453168136
1.73,0.016123192791337893,6.326075645959474,6.309952453168136
1.74,0.016069819686600262,6.326022272854736,6.309952453168136
1.75,0.016017318454687235,6.325969771622823,6.309952453168136
1.76,0.015965793492356717,6.325918246660493,6.309952453168136
1.77,0.01591533919032262,6.3258677923584585,6.309952453168136
1.78,0.01586603956522037,6.325818492733356,6.309952453168136
1.79,0.01581796797512869,6.325770421143265,6.309952453168136
1.8,0.01577118696903579,6.325723640137172,6.309952453168136
1.81,0.015725748214419077,6.325678201382555,6.309952453168136
1.82,0.015681692550335136,6.325634145718471,6.309952453168136
1.83,0.015639050108693375,6.325591503276829,6.309952453168136
1.84,0.015597840544860908,6.325550293712997,6.309952453168136
1.85,0.015558073335236955,6.325510526503373,6.309952453168136
1.86,0.015519748161509916,6.325472201329646,6.309952453168136
1.87,0.015482855349747915,6.325435308517884,6.309952453168136
1.88,0.015447376388299183,6.325399829556435,6.309952453168136
1.89,0.015413284476099243,6.325365737644235,6.309952453168136
1.9,0.01538054514067877,6.325332998308815,6.309952453168136
1.91,0.015349116871033353,6.325301570039169,6.309952453168136
1.92,0.01531895180197651,6.325271404970112,6.309952453168136
1.93,0.015289996401698147,6.325242449569834,6.309952453168136
1.94,0.015262192192289525,6.325214645360425,6.309952453168136
1.95,0.015235476465887743,6.325187929634024,6.309952453168136
1.96,0.015209783006788768,6.325162236174925,6.309952453168136
1.97,0.015185042811785898,6.325137495979922,6.309952453168136
1.98,0.015161184793352156,6.325113637961488,6.309952453168136
1.99,0.01513813647150375,6.32509058963964,6.309952453168136
2.0,0.015115824639644337,6.32506827780778,6.309952453168136
2.01,0.015094176005972848,6.325046629174109,6.309952453168136
2.02,0.015073117802866243,6.325025570971002,6.309952453168136
2.03,0.015052578361300029,6.325005031529436,6.309952453168136
2.04,0.01503248764632037,6.324984940814456,6.309952453168136
2.05,0.015012777754364492,6.3249652309225,6.309952453168136
2.06,0.014993383361499468,6.324945836529635,6.309952453168136
2.07,0.014974242134358384,6.324926695302494,6.309952453168136
2.08,0.014955295085289144,6.324907748253425,6.309952453168136
2.09,0.014936486890817058,6.324888940058953,6.309952453168136
2.1,0.014917766150872147,6.324870219319008,6.309952453168136
2.11,0.014899085613132357,6.324851538781268,6.309952453168136
2.12,0.014880402337833054,6.324832855505969,6.309952453168136
2.13,0.014861677825268593,6.3248141309934045,6.309952453168136
2.14,0.014842878098044743,6.324795331266181,6.309952453168136
2.15,0.014823973733094853,6.324776426901231,6.309952453168136
2.16,0.01480493986145337,6.324757393029589,6.309952453168136
2.17,0.014785756121530547,6.3247382092896665,6.309952453168136
2.18,0.01476640658210382,6.32471885975024,6.309952453168136
2.19,0.014746879624049747,6.324699332792186,6.309952453168136
2.2,0.014727167799745366,6.324679620967881,6.309952453168136
2.21,0.014707267654329392,6.324659720822465,6.309952453168136
2.22,0.014687179530831429,6.324639632698967,6.309952453168136
2.23,0.014666907344669688,6.324619360512806,6.309952453168136
2.24,0.014646458347351121,6.324598911515487,6.309952453168136
2.25,0.0146258428652013,6.324578296033337,6.309952453168136
2.26,0.014605074034654386,6.32455752720279,6.309952453168136
2.27,0.014584167518831848,6.324536620686968,6.309952453168136
2.28,0.014563141223345788,6.324515594391482,6.309952453168136
2.29,0.014542015006825615,6.3244944681749615,6.309952453168136
2.3,0.01452081038711217,6.324473263555248,6.309952453168136
2.31,0.014499550253618487,6.324452003421754,6.309952453168136
2.32,0.01447825857940277,6.324430711747539,6.309952453168136
2.33,0.014456960142281261,6.324409413310417,6.309952453168136
2.34,0.014435680252486982,6.324388133420623,6.309952453168136
2.35,0.014414444491740674,6.324366897659877,6.309952453168136
2.36,0.014393278463578518,6.324345731631714,6.309952453168136
2.37,0.014372207557539873,6.324324660725676,6.309952453168136
2.38,0.014351256728237338,6.324303709896373,6.309952453168136
2.39,0.014330450290128915,6.324282903458265,6.309952453168136
2.4,0.014309811729918742,6.324262264898055,6.309952453168136
2.41,0.014289363536258648,6.324241816704395,6.309952453168136
2.42,0.014269127046659058,6.324221580214795,6.309952453168136
2.43,0.014249122315295182,6.324201575483431,6.309952453168136
2.44,0.014229367997651288,6.324181821165787,6.309952453168136
2.45,0.01420988125323941,6.324162334421375,6.309952453168136
2.46,0.014190677670198326,6.324143130838334,6.309952453168136
2.47,0.014171771203219663,6.324124224371356,6.309952453168136
2.48,0.01415317413421846,6.324105627302354,6.309952453168136
2.49,0.014134897045374295,6.32408735021351,6.309952453168136
2.5,0.014116948812772812,6.324069401980909,6.309952453168136
2.51,0.01409933661163798,6.324051789779774,6.309952453168136
2.52,0.014082065939402533,6.324034519107538,6.309952453168136
2.53,0.01406514065008313,6.324017593818219,6.309952453168136
2.54,0.014048563002883263,6.324001016171019,6.309952453168136
2.55,0.014032333720018997,6.323984786888155,6.309952453168136
2.56,0.014016452057222573,6.3239689052253585,6.309952453168136
2.57,0.0140009158807759,6.323953369048912,6.309952453168136
2.58,0.013985721755100933,6.323938174923237,6.309952453168136
2.59,0.013970865033624769,6.323923318201761,6.309952453168136
2.6,0.013956339958522967,6.323908793126659,6.309952453168136
2.61,0.013942139761304873,6.323894592929441,6.309952453168136
2.62,0.013928256769506042,6.323880709937642,6.309952453168136
2.63,0.013914682513159526,6.323867135681295,6.309952453168136
2.64,0.0139014078325701,6.323853861000706,6.309952453168136
2.65,0.01388842298712678,6.323840876155263,6.309952453168136
2.66,0.013875717761179018,6.323828170929315,6.309952453168136
2.67,0.013863281569531871,6.323815734737668,6.309952453168136
2.68,0.01385110355891861,6.3238035567270545,6.309952453168136
2.69,0.01383917270668622,6.323791625874822,6.309952453168136
2.7,0.013827477914706954,6.323779931082843,6.309952453168136
2.71,0.01381600809872996,6.323768461266866,6.309952453168136
2.72,0.013804752272130294,6.323757205440266,6.309952453168136
2.73,0.013793699624106814,6.323746152792243,6.309952453168136
2.74,0.013782839591262253,6.323735292759398,6.309952453168136
2.75,0.013772161923236048,6.323724615091372,6.309952453168136
2.76,0.01376165674098484,6.323714109909121,6.309952453168136
2.77,0.013751314589068642,6.3237037677572046,6.309952453168136
2.78,0.013741126479994925,6.323693579648131,6.309952453168136
2.79,0.013731083932427168,6.323683537100563,6.309952453168136
2.8,0.013721179002673445,6.323673632170809,6.309952453168136
2.81,0.013711404308383024,6.323663857476519,6.309952453168136
2.82,0.013701753046789555,6.3236542062149255,6.309952453168136
2.83,0.01369221900638351,6.323644672174519,6.309952453168136
2.84,0.013682796571752753,6.323635249739889,6.309952453168136
2.85,0.013673480723894293,6.32362593389203,6.309952453168136
2.86,0.013664267033983712,6.32361672020212,6.309952453168136
2.87,0.01365515165282627,6.323607604820962,6.309952453168136
2.88,0.013646131295341313,6.323598584463477,6.309952453168136
2.89,0.013637203220909555,6.3235896563890455,6.309952453168136
2.9,0.013628365210055726,6.323580818378192,6.309952453168136
2.91,0.013619615537304064,6.32357206870544,6.309952453168136
2.92,0.013610952941942145,6.323563406110078,6.309952453168136
2.93,0.013602376595394539,6.3235548297635304,6.309952453168136
2.94,0.013593886067491567,6.3235463392356275,6.309952453168136
2.95,0.013585481290321333,6.323537934458457,6.309952453168136
2.96,0.013577162521772657,6.323529615689909,6.309952453168136
2.97,0.013568930307476634,6.3235213834756125,6.309952453168136
2.98,0.01356078544330952,6.323513238611445,6.309952453168136
2.99,0.01355272893711934,6.323505182105255,6.309952453168136
3.0,0.013544761971431285,6.323497215139567,6.309952453168136
3.01,0.013536885866614945,6.323489339034751,6.309952453168136
3.02,0.01352910204515645,6.323481555213292,6.309952453168136
3.03,0.013521411997151844,6.323473865165288,6.309952453168136
3.04,0.013513817247478244,6.323466270415614,6.309952453168136
3.05,0.013506319324643634,6.3234587724927795,6.309952453168136
3.06,0.013498919731629755,6.323451372899766,6.309952453168136
3.07,0.013491619918909237,6.323444073087045,6.309952453168136
3.08,0.013484421259597035,6.323436874427733,6.309952453168136
3.09,0.013477325027118958,6.323429778195255,6.309952453168136
3.1,0.013470332375160154,6.323422785543296,6.309952453168136
3.11,0.013463444320239937,6.323415897488376,6.309952453168136
3.12,0.013456661726607422,6.323409114894743,6.309952453168136
3.13,0.01344998529390029,6.323402438462036,6.309952453168136
3.14,0.013443415547042648,6.323395868715179,6.309952453168136
3.15,0.013436952828549842,6.323389405996686,6.309952453168136
3.16,0.013430597293543123,6.323383050461679,6.309952453168136
3.17,0.01342434890647759,6.3233768020746135,6.309952453168136
3.18,0.013418207440625274,6.323370660608761,6.309952453168136
3.19,0.013412172479160489,6.323364625647296,6.309952453168136
3.2,0.013406243418326191,6.323358696586462,6.309952453168136
3.21,0.013400419472493041,6.323352872640629,6.309952453168136
3.22,0.013394699680620015,6.323347152848756,6.309952453168136
3.23,0.013389082914369688,6.323341536082506,6.309952453168136
3.24,0.01338356788747408,6.32333602105561,6.309952453168136
3.25,0.013378153166185847,6.323330606334322,6.309952453168136
3.26,0.01337283718084148,6.323325290348977,6.309952453168136
3.27,0.013367618238056878,6.323320071406193,6.309952453168136
3.28,0.01336249453380578,6.323314947701942,6.309952453168136
3.29,0.013357464166708688,6.323309917334845,6.309952453168136
3.3,0.013352525151921313,6.323304978320057,6.309952453168136
3.31,0.013347675435015027,6.323300128603151,6.309952453168136
3.32,0.01334291290592482,6.323295366074061,6.309952453168136
3.33,0.013338235412898136,6.323290688581034,6.309952453168136
3.34,0.013333640776067135,6.323286093944203,6.309952453168136
3.35,0.013329126800781133,6.323281579968917,6.309952453168136
3.36,0.013324691290430124,6.323277144458566,6.309952453168136
3.37,0.013320332058705198,6.323272785226841,6.309952453168136
3.38,0.013316046941245219,6.323268500109381,6.309952453168136
3.39,0.013311833806535667,6.323264286974672,6.309952453168136
3.4,0.0133076905660241,6.32326014373416,6.309952453168136
3.41,0.013303615183406059,6.323256068351542,6.309952453168136
3.42,0.01329960568301658,6.3232520588511525,6.309952453168136
3.43,0.013295660157280231,6.323248113325416,6.309952453168136
3.44,0.013291776773251662,6.323244229941388,6.309952453168136
3.45,0.01328795377816494,6.323240406946301,6.309952453168136
3.46,0.013284189504123134,6.323236642672259,6.309952453168136
3.47,0.013280482371643032,6.323232935539779,6.309952453168136
3.48,0.013276830892507974,6.323229284060644,6.309952453168136
3.49,0.01327323367147315,6.323225686839609,6.309952453168136
3.5,0.013269689407240826,6.323222142575377,6.309952453168136
3.51,0.013266196892602444,6.323218650060738,6.309952453168136
3.52,0.013262755013600191,6.323215208181736,6.309952453168136
3.53,0.013259362748191172,6.323211815916327,6.309952453168136
3.54,0.01325601916394259,6.3232084723320785,6.309952453168136
3.55,0.013252723415322798,6.323205176583459,6.309952453168136
3.56,0.013249474740226752,6.323201927908363,6.309952453168136
3.57,0.013246272456071573,6.3231987256242075,6.309952453168136
3.58,0.013243115955400064,6.323195569123536,6.309952453168136
3.59,0.013240004701108532,6.323192457869244,6.309952453168136
3.6,0.0132369382212989,6.323189391389435,6.309952453168136
3.61,0.013233916103915,6.323186369272051,6.309952453168136
3.62,0.013230937991151492,6.323183391159287,6.309952453168136
3.63,0.01322800357369136,6.323180456741827,6.309952453168136
3.64,0.01322511258492387,6.32317756575306,6.309952453168136
3.65,0.0132222647950746,6.3231747179632105,6.309952453168136
3.66,0.013219460005398531,6.323171913173534,6.309952453168136
3.67,0.013216698042462838,6.323169151210599,6.309952453168136
3.68,0.013213978752515843,6.323166431920652,6.309952453168136
3.69,0.013211301996077118,6.323163755164213,6.309952453168136
3.7,0.013208667642707006,6.323161120810843,6.309952453168136
3.71,0.013206075566043474,6.323158528734179,6.309952453168136
3.72,0.01320352563911964,6.3231559788072556,6.309952453168136
3.73,0.01320101772998683,6.323153470898123,6.309952453168136
3.74,0.013198551697666261,6.323151004865802,6.309952453168136
3.75,0.01319612738845688,6.323148580556593,6.309952453168136
3.76,0.013193744632634008,6.32314619780077,6.309952453168136
3.77,0.013191403241473942,6.32314385640961,6.309952453168136
3.78,0.013189103004719982,6.323141556172856,6.309952453168136
3.79,0.013186843688385075,6.323139296856521,6.309952453168136
3.8,0.0131846250330101,6.323137078201146,6.309952453168136
3.81,0.013182446752198373,6.323134899920334,6.309952453168136
3.82,0.01318030853164931,6.323132761699785,6.309952453168136
3.83,0.013178210028448767,6.323130663196585,6.309952453168136
3.84,0.013176150870797265,6.323128604038933,6.309952453168136
3.85,0.013174130657987781,6.323126583826124,6.309952453168136
3.86,0.013172148960793884,6.32312460212893,6.309952453168136
3.87,0.013170205322068362,6.323122658490204,6.309952453168136
3.88,0.013168299257668714,6.323120752425805,6.309952453168136
3.89,0.013166430257620654,6.323118883425757,6.309952453168136
3.9,0.013164597787514332,6.32311705095565,6.309952453168136
3.91,0.013162801290076409,6.323115254458212,6.309952453168136
3.92,0.013161040186975725,6.323113493355112,6.309952453168136
3.93,0.013159313880720447,6.323111767048856,6.309952453168136
3.94,0.013157621756705318,6.323110074924841,6.309952453168136
3.95,0.013155963185369934,6.323108416353506,6.309952453168136
3.96,0.013154337524421855,6.323106790692558,6.309952453168136
3.97,0.013152744121106785,6.323105197289243,6.309952453168136
3.98,0.013151182314503629,6.3231036354826395,6.309952453168136
3.99,0.01314965143783109,6.323102104605967,6.309952453168136
4.0,0.013148150820742721,6.323100603988879,6.309952453168136
4.01,0.013146679791564253,6.3230991329597,6.309952453168136
4.02,0.013145237679483834,6.32309769084762,6.309952453168136
4.03,0.013143823816679223,6.323096276984815,6.309952453168136
4.04,0.01314243754033928,6.323094890708475,6.309952453168136
4.05,0.013141078194587763,6.323093531362724,6.309952453168136
4.06,0.013139745132292546,6.3230921983004285,6.309952453168136
4.07,0.01313843771674339,6.323090890884879,6.309952453168136
4.08,0.013137155323194705,6.323089608491331,6.309952453168136
4.09,0.0131358973402671,6.323088350508403,6.309952453168136
4.1,0.013134663171207706,6.323087116339344,6.309952453168136
4.11,0.0131334522349702,6.323085905403106,6.309952453168136
4.12,0.013132263967171376,6.323084717135307,6.309952453168136
4.13,0.013131097820870075,6.323083550989006,6.309952453168136
4.14,0.013129953267205785,6.323082406435342,6.309952453168136
4.15,0.013128829795869379,6.323081282964005,6.309952453168136
4.16,0.013127726915427296,6.323080180083563,6.309952453168136
4.17,0.013126644153511613,6.3230790973216475,6.309952453168136
4.18,0.013125581056846691,6.323078034224983,6.309952453168136
4.19,0.013124537191164798,6.323076990359301,6.309952453168136
4.2,0.013123512140974292,6.32307596530911,6.309952453168136
4.21,0.013122505509237214,6.323074958677373,6.309952453168136
4.22,0.013121516916897669,6.323073970085034,6.309952453168136
4.23,0.013120546002345357,6.323072999170481,6.309952453168136
4.24,0.0131195924207832,6.323072045588919,6.309952453168136
4.25,0.013118655843487481,6.323071109011623,6.309952453168136
4.26,0.013117735957029808,6.323070189125166,6.309952453168136
4.27,0.013116832462412908,6.323069285630549,6.309952453168136
4.28,0.013115945074186008,6.323068398242322,6.309952453168136
4.29,0.013115073519486486,6.323067526687622,6.309952453168136
4.3,0.01311421753708153,6.323066670705217,6.309952453168136
4.31,0.013113376876378702,6.323065830044515,6.309952453168136
4.32,0.013112551296425856,6.323065004464562,6.309952453168136
4.33,0.013111740564903052,6.323064193733039,6.309952453168136
4.34,0.013110944457133122,6.323063397625269,6.309952453168136
4.35,0.013110162755109123,6.323062615923245,6.309952453168136
4.36,0.013109395246545752,6.323061848414682,6.309952453168136
4.37,0.013108641723941439,6.323061094892077,6.309952453168136
4.38,0.013107901983704373,6.32306035515184,6.309952453168136
4.39,0.013107175825303408,6.323059628993439,6.309952453168136
4.4,0.013106463050474026,6.32305891621861,6.309952453168136
4.41,0.013105763462470499,6.323058216630606,6.309952453168136
4.42,0.013105076865378429,6.323057530033514,6.309952453168136
4.43,0.013104403063485925,6.323056856231622,6.309952453168136
4.44,0.013103741860708062,6.323056195028844,6.309952453168136
4.45,0.013103093060087723,6.323055546228224,6.309952453168136
4.46,0.013102456463337298,6.323054909631473,6.309952453168136
4.47,0.013101831870473646,6.32305428503861,6.309952453168136
4.48,0.013101219079486803,6.323053672247623,6.309952453168136
4.49,0.013100617886093069,6.323053071054229,6.309952453168136
4.5,0.013100028083539605,6.3230524812516755,6.309952453168136
4.51,0.013099449462466772,6.323051902630603,6.309952453168136
4.52,0.013098881810838847,6.323051334978975,6.309952453168136
4.53,0.013098324913923598,6.3230507780820595,6.309952453168136
4.54,0.013097778554310047,6.323050231722446,6.309952453168136
4.55,0.013097242512006169,6.323049695680142,6.309952453168136
4.56,0.013096716564553468,6.323049169732689,6.309952453168136
4.57,0.013096200487196619,6.3230486536553325,6.309952453168136
4.58,0.013095694053087747,6.323048147221224,6.309952453168136
4.59,0.013095197033520911,6.323047650201657,6.309952453168136
4.6,0.013094709198214538,6.3230471623663504,6.309952453168136
4.61,0.013094230315587652,6.323046683483724,6.309952453168136
4.62,0.013093760153085832,6.323046213321222,6.309952453168136
4.63,0.0130932984775054,6.323045751645641,6.309952453168136
4.64,0.013092845055347802,6.323045298223484,6.309952453168136
4.65,0.013092399653164222,6.3230448528213,6.309952453168136
4.66,0.013091962037929505,6.323044415206065,6.309952453168136
4.67,0.013091531977390325,6.323043985145526,6.309952453168136
4.68,0.013091109240429333,6.323043562408565,6.309952453168136
4.69,0.013090693597425762,6.323043146765562,6.309952453168136
4.7,0.013090284820582276,6.323042737988718,6.309952453168136
4.71,0.013089882684298892,6.323042335852435,6.309952453168136
4.72,0.013089486965452757,6.323041940133589,6.309952453168136
4.73,0.013089097443720554,6.3230415506118565,6.309952453168136
4.74,0.013088713901882265,6.323041167070018,6.309952453168136
4.75,0.013088336126060973,6.323040789294197,6.309952453168136
4.76,0.013087963905991096,6.323040417074127,6.309952453168136
4.77,0.013087597035223553,6.3230400502033595,6.309952453168136
4.78,0.013087235311346923,6.323039688479483,6.309952453168136
4.79,0.013086878536147317,6.323039331704283,6.309952453168136
4.8,0.013086526515763808,6.3230389796839,6.309952453168136
4.81,0.01308617906081011,6.323038632228946,6.309952453168136
4.82,0.013085835986482941,6.323038289154619,6.309952453168136
4.83,0.013085497112629518,6.323037950280765,6.309952453168136
4.84,0.01308516226380263,6.3230376154319385,6.309952453168136
4.85,0.013084831269289054,6.323037284437425,6.309952453168136
4.86,0.01308450396311045,6.323036957131246,6.309952453168136
4.87,0.013084180184002925,6.323036633352139,6.309952453168136
4.88,0.013083859775388618,6.3230363129435245,6.309952453168136
4.89,0.013083542585303753,6.32303599575344,6.309952453168136
4.9,0.013083228466329366,6.323035681634465,6.309952453168136
4.91,0.013082917275498929,6.323035370443635,6.309952453168136
4.92,0.013082608874179336,6.323035062042315,6.309952453168136
4.93,0.013082303127954553,6.3230347562960905,6.309952453168136
4.94,0.013081999906494168,6.32303445307463,6.309952453168136
4.95,0.013081699083405063,6.323034152251541,6.309952453168136
4.96,0.013081400536064436,6.3230338537042,6.309952453168136
4.97,0.013081104145475031,6.323033557313611,6.309952453168136
4.98,0.013080809796081283,6.323033262964217,6.309952453168136
4.99,0.013080517375613887,6.32303297054375,6.309952453168136
5.0,0.013080226774909498,6.323032679943045,6.309952453168136
5.01,0.01307993788772066,6.323032391055857,6.309952453168136
5.02,0.01307965061056482,6.323032103778701,6.309952453168136
5.03,0.013079364842536911,6.323031818010673,6.309952453168136
5.04,0.013079080485137062,6.323031533653273,6.309952453168136
5.05,0.0130787974421116,6.3230312506102475,6.309952453168136
5.06,0.013078515619291409,6.323030968787427,6.309952453168136
5.07,0.013078234924434717,6.323030688092571,6.309952453168136
5.08,0.013077955267079666,6.323030408435216,6.309952453168136
5.09,0.013077676558405749,6.323030129726542,6.309952453168136
5.1,0.013077398711101473,6.323029851879237,6.309952453168136
5.11,0.013077121639246236,6.323029574807382,6.309952453168136
5.12,0.013076845258189529,6.323029298426325,6.309952453168136
5.13,0.013076569484457679,6.323029022652594,6.309952453168136
5.14,0.013076294235651709,6.323028747403788,6.309952453168136
5.15,0.013076019430369179,6.323028472598505,6.309952453168136
5.16,0.013075744988133131,6.323028198156269,6.309952453168136
5.17,0.013075470829327251,6.323027923997463,6.309952453168136
5.18,0.013075196875147022,6.323027650043283,6.309952453168136
5.19,0.01307492304754998,6.323027376215686,6.309952453168136
5.2,0.013074649269225525,6.323027102437361,6.309952453168136
5.21,0.013074375463578924,6.323026828631715,6.309952453168136
5.22,0.0130741015547029,6.323026554722839,6.309952453168136
5.23,0.013073827467384724,6.323026280635521,6.309952453168136
5.24,0.013073553127090243,6.323026006295226,6.309952453168136
5.25,0.013073278459985183,6.323025731628121,6.309952453168136
5.26,0.013073003392950255,6.323025456561086,6.309952453168136
5.27,0.013072727853587374,6.323025181021723,6.309952453168136
5.28,0.01307245177025873,6.323024904938395,6.309952453168136
5.29,0.013072175072116998,6.323024628240253,6.309952453168136
5.3,0.013071897689129308,6.323024350857265,6.309952453168136
5.31,0.013071619552122549,6.3230240727202585,6.309952453168136
5.32,0.013071340592823333,6.323023793760959,6.309952453168136
5.33,0.013071060743897966,6.323023513912034,6.309952453168136
5.34,0.013070779938999522,6.323023233107135,6.309952453168136
5.35,0.013070498112809581,6.3230229512809455,6.309952453168136
5.36,0.013070215201087088,6.323022668369223,6.309952453168136
5.37,0.013069931140707425,6.323022384308843,6.309952453168136
5.38,0.013069645869710378,6.323022099037846,6.309952453168136
5.39,0.013069359327340102,6.323021812495476,6.309952453168136
5.4,0.013069071454085979,6.323021524622222,6.309952453168136
5.41,0.013068782191729689,6.323021235359866,6.309952453168136
5.42,0.01306849148336564,6.3230209446515016,6.309952453168136
5.43,0.013068199273450709,6.323020652441587,6.309952453168136
5.44,0.013067905507827327,6.323020358675963,6.309952453168136
5.45,0.013067610133742136,6.323020063301878,6.309952453168136
5.46,0.013067313099885958,6.323019766268022,6.309952453168136
5.47,0.013067014356407114,6.323019467524543,6.309952453168136
5.48,0.013066713854914092,6.32301916702305,6.309952453168136
5.49,0.013066411548517287,6.323018864716653,6.309952453168136
5.5,0.013066107391809467,6.323018560559945,6.309952453168136
5.51,0.013065801340879979,6.323018254509016,6.309952453168136
5.52,0.013065493353323632,6.3230179465214595,6.309952453168136
5.53,0.013065183388229151,6.323017636556365,6.309952453168136
5.54,0.013064871406171186,6.323017324574307,6.309952453168136
5.55,0.013064557369202312,6.323017010537338,6.309952453168136
5.56,0.013064241240846819,6.323016694408983,6.309952453168136
5.57,0.013063922986066956,6.323016376154203,6.309952453168136
5.58,0.013063602571270927,6.323016055739407,6.309952453168136
5.59,0.013063279964266705,6.323015733132403,6.309952453168136
5.6,0.013062955134235388,6.323015408302371,6.309952453168136
5.61,0.01306262805172409,6.32301508121986,6.309952453168136
5.62,0.013062298688606866,6.323014751856743,6.309952453168136
5.63,0.013061967018050957,6.323014420186187,6.309952453168136
5.64,0.013061633014483931,6.32301408618262,6.309952453168136
5.65,0.013061296653570587,6.3230137498217065,6.309952453168136
5.66,0.013060957912164106,6.3230134110803,6.309952453168136
5.67,0.013060616768281186,6.323013069936417,6.309952453168136
5.68,0.013060273201063843,6.3230127263692,6.309952453168136
5.69,0.013059927190732346,6.323012380358868,6.309952453168136
5.7,0.013059578718576326,6.323012031886712,6.309952453168136
5.71,0.013059227766889059,6.323011680935025,6.309952453168136
5.72,0.013058874318949698,6.323011327487086,6.309952453168136
5.73,0.013058518358984195,6.32301097152712,6.309952453168136
5.74,0.013058159872130659,6.323010613040267,6.309952453168136
5.75,0.013057798844407387,6.323010252012543,6.309952453168136
5.76,0.01305743526267733,6.323009888430813,6.309952453168136
5.77,0.013057069114622344,6.323009522282758,6.309952453168136
5.78,0.01305670038871476,6.323009153556851,6.309952453168136
5.79,0.01305632907418186,6.323008782242318,6.309952453168136
5.8,0.013055955160990784,6.323008408329127,6.309952453168136
5.81,0.01305557863981388,6.32300803180795,6.309952453168136
5.82,0.013055199502010062,6.323007652670146,6.309952453168136
5.83,0.01305481773960615,6.323007270907742,6.309952453168136
5.84,0.013054433345268457,6.323006886513404,6.309952453168136
5.85,0.013054046312295675,6.323006499480432,6.309952453168136
5.86,0.01305365663459579,6.323006109802732,6.309952453168136
5.87,0.013053264306671863,6.323005717474808,6.309952453168136
5.88,0.013052869323609606,6.3230053224917455,6.309952453168136
5.89,0.013052471681069377,6.323004924849205,6.309952453168136
5.9,0.013052071375267538,6.3230045245434034,6.309952453168136
5.91,0.013051668402982664,6.323004121571119,6.309952453168136
5.92,0.013051262761528015,6.323003715929664,6.309952453168136
5.93,0.01305085444876486,6.323003307616901,6.309952453168136
5.94,0.01305044346308204,6.323002896631218,6.309952453168136
5.95,0.013050029803407526,6.323002482971543,6.309952453168136
5.96,0.01304961346918887,6.323002066637325,6.309952453168136
5.97,0.013049194460411861,6.323001647628548,6.309952453168136
5.98,0.013048772777568551,6.3230012259457045,6.309952453168136
5.99,0.013048348421691891,6.323000801589828,6.309952453168136
6.0,0.013047921394329087,6.323000374562465,6.309952453168136
6.01,0.013047491697554037,6.32299994486569,6.309952453168136
6.02,0.01304705933396555,6.3229995125021015,6.309952453168136
6.03,0.013046624306687349,6.322999077474823,6.309952453168136
6.04,0.013046186619370737,6.322998639787507,6.309952453168136
6.05,0.013045746276190151,6.322998199444326,6.309952453168136
6.06,0.013045303281850273,6.322997756449986,6.309952453168136
6.07,0.013044857641588692,6.322997310809725,6.309952453168136
6.08,0.013044409361168796,6.322996862529305,6.309952453168136
6.09,0.013043958446881554,6.3229964116150175,6.309952453168136
6.1,0.01304350490555084,6.322995958073687,6.309952453168136
6.11,0.01304304874452722,6.322995501912663,6.309952453168136
6.12,0.01304258997169061,6.3229950431398265,6.309952453168136
6.13,0.013042128595447622,6.3229945817635835,6.309952453168136
6.14,0.013041664624728888,6.322994117792865,6.309952453168136
6.15,0.013041198068984627,6.3229936512371205,6.309952453168136
6.16,0.013040728938187307,6.322993182106323,6.309952453168136
6.17,0.01304025724282365,6.32299271041096,6.309952453168136
6.18,0.01303978299389108,6.322992236162027,6.309952453168136
6.19,0.013039306202890621,6.3229917593710265,6.309952453168136
6.2,0.013038826881826004,6.322991280049962,6.309952453168136
6.21,0.013038345043195676,6.322990798211332,6.309952453168136
6.22,0.01303786069998214,6.322990313868118,6.309952453168136
6.23,0.013037373865654622,6.3229898270337905,6.309952453168136
6.24,0.013036884554147754,6.322989337722284,6.309952453168136
6.25,0.013036392779866013,6.322988845948002,6.309952453168136
6.26,0.0130358985576704,6.322988351725806,6.309952453168136
6.27,0.013035401902860677,6.322987855070997,6.309952453168136
6.28,0.013034902831182471,6.322987355999318,6.309952453168136
6.29,0.013034401358800629,6.3229868545269365,6.309952453168136
6.3,0.013033897502302771,6.322986350670439,6.309952453168136
6.31,0.013033391278686857,6.322985844446823,6.309952453168136
6.32,0.013032882705336313,6.322985335873472,6.309952453168136
6.33,0.013032371800030695,6.322984824968167,6.309952453168136
6.34,0.013031858580916378,6.322984311749052,6.309952453168136
6.35,0.013031343066505663,6.322983796234642,6.309952453168136
6.36,0.013030825275664348,6.3229832784438,6.309952453168136
6.37,0.013030305227599293,6.322982758395735,6.309952453168136
6.38,0.013029782941845092,6.322982236109981,6.309952453168136
6.39,0.013029258438259639,6.3229817116063955,6.309952453168136
6.4,0.01302873173700636,6.322981184905142,6.309952453168136
6.41,0.013028202858548887,6.322980656026685,6.309952453168136
6.42,0.013027671823636844,6.322980124991773,6.309952453168136
6.43,0.01302713865329519,6.322979591821431,6.309952453168136
6.44,0.013026603368820666,6.322979056536957,6.309952453168136
6.45,0.013026065991762259,6.322978519159898,6.309952453168136
6.46,0.013025526543922972,6.322977979712059,6.309952453168136
6.47,0.013024985047336735,6.322977438215473,6.309952453168136
6.48,0.01302444152427551,6.322976894692411,6.309952453168136
6.49,0.013023895997227974,6.322976349165364,6.309952453168136
6.5,0.013023348488896858,6.322975801657033,6.309952453168136
6.51,0.013022799022187392,6.322975252190323,6.309952453168136
6.52,0.01302224762020554,6.3229747007883415,6.309952453168136
6.53,0.013021694306245557,6.3229741474743815,6.309952453168136
6.54,0.013021139103787327,6.322973592271923,6.309952453168136
6.55,0.01302058203648837,6.322973035204624,6.309952453168136
6.56,0.013020023128172298,6.322972476296308,6.309952453168136
6.57,0.01301946240282792,6.322971915570964,6.309952453168136
6.58,0.013018899884609247,6.322971353052745,6.309952453168136
6.59,0.013018335597819508,6.322970788765955,6.309952453168136
6.6,0.013017769566910253,6.322970222735046,6.309952453168136
6.61,0.013017201816475144,6.322969654984611,6.309952453168136
6.62,0.013016632371255277,6.322969085539391,6.309952453168136
6.63,0.013016061256123201,6.322968514424259,6.309952453168136
6.64,0.013015488496079364,6.322967941664215,6.309952453168136
6.65,0.013014914116252108,6.322967367284388,6.309952453168136
6.66,0.013014338141895898,6.322966791310032,6.309952453168136
6.67,0.013013760598385105,6.322966213766521,6.309952453168136
6.68,0.013013181511213112,6.322965634679349,6.309952453168136
6.69,0.013012600905976335,6.322965054074112,6.309952453168136
6.7,0.013012018808395531,6.322964471976531,6.309952453168136
6.71,0.013011435244286496,6.322963888412422,6.309952453168136
6.72,0.013010850239575156,6.322963303407711,6.309952453168136
6.73,0.013010263820288692,6.322962716988425,6.309952453168136
6.74,0.013009676012547544,6.3229621291806835,6.309952453168136
6.75,0.01300908684256985,6.322961540010706,6.309952453168136
6.76,0.01300849633667056,6.3229609495048065,6.309952453168136
6.77,0.013007904521247227,6.322960357689383,6.309952453168136
6.78,0.013007311422782664,6.322959764590919,6.309952453168136
6.79,0.013006717067850282,6.322959170235986,6.309952453168136
6.8,0.013006121483095434,6.322958574651231,6.309952453168136
6.81,0.01300552469524252,6.322957977863378,6.309952453168136
6.82,0.01300492673109055,6.3229573798992265,6.309952453168136
6.83,0.013004327617509581,6.3229567807856455,6.309952453168136
6.84,0.013003727381436292,6.322956180549572,6.309952453168136
6.85,0.013003126049869529,6.322955579218005,6.309952453168136
6.86,0.013002523649864095,6.322954976818,6.309952453168136
6.87,0.013001920208540518,6.322954373376676,6.309952453168136
6.88,0.013001315753064624,6.3229537689212005,6.309952453168136
6.89,0.013000710310657304,6.322953163478793,6.309952453168136
6.9,0.01300010390857853,6.322952557076714,6.309952453168136
6.91,0.012999496574136238,6.322951949742272,6.309952453168136
6.92,0.012998888334670333,6.322951341502806,6.309952453168136
6.93,0.012998279217561581,6.3229507323856975,6.309952453168136
6.94,0.012997669250212063,6.322950122418348,6.309952453168136
6.95,0.012997058460057609,6.3229495116281935,6.309952453168136
6.96,0.012996446874550927,6.322948900042687,6.309952453168136
6.97,0.012995834521159821,6.322948287689296,6.309952453168136
6.98,0.012995221427373416,6.322947674595509,6.309952453168136
6.99,0.012994607620684384,6.32294706078882,6.309952453168136
7.0,0.012993993128595172,6.322946446296731,6.309952453168136
7.01,0.012993377978598453,6.322945831146734,6.309952453168136
7.02,0.012992762198199337,6.322945215366335,6.309952453168136
7.03,0.012992145814882505,6.322944598983018,6.309952453168136
7.04,0.012991528856129086,6.322943982024265,6.309952453168136
7.05,0.012990911349398893,6.322943364517535,6.309952453168136
7.06,0.012990293322135749,6.322942746490272,6.309952453168136
7.07,0.012989674801759499,6.322942127969895,6.309952453168136
7.08,0.01298905581566423,6.3229415089838,6.309952453168136
7.09,0.01298843639120495,6.322940889559341,6.309952453168136
7.1,0.012987816555715348,6.322940269723851,6.309952453168136
7.11,0.012987196336476714,6.322939649504613,6.309952453168136
7.12,0.012986575760728591,6.3229390289288645,6.309952453168136
7.13,0.012985954855674997,6.322938408023811,6.309952453168136
7.14,0.012985333648463104,6.322937786816599,6.309952453168136
7.15,0.01298471216618502,6.322937165334321,6.309952453168136
7.16,0.012984090435880447,6.322936543604016,6.309952453168136
7.17,0.01298346848452514,6.322935921652661,6.309952453168136
7.18,0.012982846339038012,6.322935299507174,6.309952453168136
7.19,0.012982224026266032,6.322934677194402,6.309952453168136
7.2,0.012981601572985113,6.322934054741121,6.309952453168136
7.21,0.012980979005907223,6.322933432174043,6.309952453168136
7.22,0.012980356351665279,6.322932809519801,6.309952453168136
7.23,0.012979733636810487,6.322932186804946,6.309952453168136
7.24,0.012979110887820333,6.322931564055956,6.309952453168136
7.25,0.01297848813108704,6.322930941299223,6.309952453168136
7.26,0.012977865392916677,6.322930318561053,6.309952453168136
7.27,0.012977242699528269,6.322929695867664,6.309952453168136
7.28,0.012976620077051138,6.322929073245187,6.309952453168136
7.29,0.012975997551524898,6.322928450719661,6.309952453168136
7.3,0.012975375148893242,6.322927828317029,6.309952453168136
7.31,0.012974752895001274,6.322927206063137,6.309952453168136
7.32,0.012974130815595508,6.322926583983731,6.309952453168136
7.33,0.012973508936326539,6.3229259621044624,6.309952453168136
7.34,0.012972887282738377,6.322925340450874,6.309952453168136
7.35,0.012972265880275557,6.3229247190484115,6.309952453168136
7.36,0.012971644754274259,6.32292409792241,6.309952453168136
7.37,0.012971023929958747,6.322923477098095,6.309952453168136
7.38,0.012970403432452038,6.322922856600588,6.309952453168136
7.39,0.012969783286763459,6.322922236454899,6.309952453168136
7.4,0.012969163517788651,6.322921616685925,6.309952453168136
7.41,0.012968544150306904,6.322920997318443,6.309952453168136
7.42,0.012967925208990927,6.322920378377127,6.309952453168136
7.43,0.012967306718382865,6.322919759886519,6.309952453168136
7.44,0.012966688702916507,6.322919141871052,6.309952453168136
7.45,0.012966071186904848,6.322918524355041,6.309952453168136
7.46,0.012965454194536541,6.3229179073626725,6.309952453168136
7.47,0.01296483774987145,6.322917290918007,6.309952453168136
7.48,0.012964221876855753,6.322916675044992,6.309952453168136
7.49,0.012963606599307731,6.322916059767444,6.309952453168136
7.5,0.012962991940912438,6.322915445109048,6.309952453168136
7.51,0.012962377925231472,6.322914831093367,6.309952453168136
7.52,0.012961764575696755,6.322914217743833,6.309952453168136
7.53,0.01296115191560343,6.322913605083739,6.309952453168136
7.54,0.012960539968119633,6.3229129931362555,6.309952453168136
7.55,0.012959928756278494,6.322912381924414,6.309952453168136
7.56,0.012959318302976364,6.322911771471112,6.309952453168136
7.57,0.012958708630972815,6.322911161799109,6.309952453168136
7.58,0.012958099762887976,6.322910552931024,6.309952453168136
7.59,0.012957491721210523,6.322909944889346,6.309952453168136
7.6,0.012956884528278145,6.322909337696414,6.309952453168136
7.61,0.01295627820629619,6.322908731374432,6.309952453168136
7.62,0.012955672777315463,6.322908125945451,6.309952453168136
7.63,0.012955068263253544,6.3229075214313895,6.309952453168136
7.64,0.012954464685875244,6.322906917854011,6.309952453168136
7.65,0.01295386206680238,6.322906315234938,6.309952453168136
7.66,0.012953260427505775,6.322905713595642,6.309952453168136
7.67,0.012952659789307042,6.322905112957443,6.309952453168136
7.68,0.012952060173378577,6.3229045133415145,6.309952453168136
7.69,0.012951461600741787,6.322903914768878,6.309952453168136
7.7,0.012950864092259984,6.322903317260396,6.309952453168136
7.71,0.012950267668651705,6.322902720836788,6.309952453168136
7.72,0.012949672350472063,6.322902125518608,6.309952453168136
7.73,0.01294907815812607,6.322901531326262,6.309952453168136
7.74,0.012948485111857089,6.322900938279993,6.309952453168136
7.75,0.012947893231746832,6.322900346399883,6.309952453168136
7.76,0.0129473025377278,6.322899755705864,6.309952453168136
7.77,0.012946713049566405,6.322899166217702,6.309952453168136
7.78,0.012946124786862079,6.322898577954998,6.309952453168136
7.79,0.0129455377690606,6.3228979909371965,6.309952453168136
7.8,0.012944952015446098,6.322897405183582,6.309952453168136
7.81,0.012944367545132174,6.322896820713268,6.309952453168136
7.82,0.012943784377070777,6.322896237545207,6.309952453168136
7.83,0.01294320253004777,6.322895655698184,6.309952453168136
7.84,0.012942622022682038,6.322895075190818,6.309952453168136
7.85,0.012942042873427262,6.322894496041563,6.309952453168136
7.86,0.012941465100571925,6.322893918268708,6.309952453168136
7.87,0.012940888722227761,6.322893341890364,6.309952453168136
7.88,0.012940313756344857,6.322892766924481,6.309952453168136
7.89,0.012939740220702767,6.322892193388839,6.309952453168136
7.9,0.012939168132907852,6.322891621301044,6.309952453168136
7.91,0.012938597510399497,6.322891050678535,6.309952453168136
7.92,0.012938028370446553,6.3228904815385825,6.309952453168136
7.93,0.01293746073014379,6.32288991389828,6.309952453168136
7.94,0.012936894606411009,6.322889347774547,6.309952453168136
7.95,0.012936330015999253,6.322888783184135,6.309952453168136
7.96,0.01293576697549259,6.3228882201436285,6.309952453168136
7.97,0.012935205501290348,6.322887658669426,6.309952453168136
7.98,0.01293464560962665,6.322887098777763,6.309952453168136
7.99,0.012934087316562426,6.322886540484698,6.309952453168136
8.0,0.012933530637979196,6.322885983806115,6.309952453168136
8.01,0.0129329755895915,6.322885428757727,6.309952453168136
8.02,0.012932422186929138,6.322884875355065,6.309952453168136
8.03,0.012931870445354043,6.32288432361349,6.309952453168136
8.04,0.012931320380056732,6.322883773548193,6.309952453168136
8.05,0.012930772006050084,6.322883225174186,6.309952453168136
8.06,0.012930225338166679,6.322882678506303,6.309952453168136
8.07,0.012929680391072118,6.322882133559208,6.309952453168136
8.08,0.01292913717925348,6.322881590347389,6.309952453168136
8.09,0.012928595717020208,6.322881048885156,6.309952453168136
8.1,0.012928056018510325,6.322880509186646,6.309952453168136
8.11,0.012927518097685997,6.322879971265822,6.309952453168136
8.12,0.012926981968333529,6.322879435136469,6.309952453168136
8.13,0.012926447644066918,6.322878900812203,6.309952453168136
8.14,0.012925915138317201,6.322878368306453,6.309952453168136
8.15,0.012925384464347545,6.3228778376324835,6.309952453168136
8.16,0.012924855635247035,6.322877308803383,6.309952453168136
8.17,0.012924328663925344,6.322876781832061,6.309952453168136
8.18,0.012923803563118064,6.322876256731254,6.309952453168136
8.19,0.012923280345389365,6.322875733513525,6.309952453168136
8.2,0.012922759023124897,6.322875212191261,6.309952453168136
8.21,0.012922239608536223,6.322874692776672,6.309952453168136
8.22,0.012921722113665268,6.322874175281801,6.309952453168136
8.23,0.01292120655037099,6.322873659718507,6.309952453168136
8.24,0.012920692930346256,6.322873146098482,6.309952453168136
8.25,0.012920181265108965,6.322872634433245,6.309952453168136
8.26,0.012919671566000268,6.322872124734136,6.309952453168136
8.27,0.012919163844189008,6.322871617012325,6.309952453168136
8.28,0.012918658110673498,6.322871111278809,6.309952453168136
8.29,0.01291815437627264,6.3228706075444085,6.309952453168136
8.3,0.012917652651638356,6.322870105819774,6.309952453168136
8.31,0.012917152947253818,6.32286960611539,6.309952453168136
8.32,0.012916655273417454,6.322869108441553,6.309952453168136
8.33,0.01291615964026871,6.322868612808405,6.309952453168136
8.34,0.012915666057764952,6.322868119225901,6.309952453168136
8.35,0.01291517453569746,6.322867627703833,6.309952453168136
8.36,0.012914685083682542,6.3228671382518185,6.309952453168136
8.37,0.012914197711171305,6.322866650879307,6.309952453168136
8.38,0.012913712427443436,6.322866165595579,6.309952453168136
8.39,0.012913229241599211,6.322865682409735,6.309952453168136
8.4,0.012912748162584364,6.32286520133072,6.309952453168136
8.41,0.012912269199165216,6.322864722367301,6.309952453168136
8.42,0.012911792359939334,6.322864245528075,6.309952453168136
8.43,0.012911317653338195,6.322863770821474,6.309952453168136
8.44,0.012910845087624523,6.32286329825576,6.309952453168136
8.45,0.012910374670894065,6.32286282783903,6.309952453168136
8.46,0.0129099064110747,6.322862359579211,6.309952453168136
8.47,0.012909440315923781,6.32286189348406,6.309952453168136
8.48,0.012908976393035232,6.322861429561171,6.309952453168136
8.49,0.012908514649840441,6.322860967817976,6.309952453168136
8.5,0.01290805509359938,6.322860508261735,6.309952453168136
8.51,0.012907597731411258,6.322860050899547,6.309952453168136
8.52,0.012907142570206531,6.322859595738342,6.309952453168136
8.53,0.012906689616754896,6.322859142784891,6.309952453168136
8.54,0.012906238877662624,6.3228586920457985,6.309952453168136
8.55,0.012905790359369895,6.322858243527506,6.309952453168136
8.56,0.012905344068159685,6.322857797236296,6.309952453168136
8.57,0.012904900010149767,6.322857353178286,6.309952453168136
8.58,0.012904458191296264,6.322856911359432,6.309952453168136
8.59,0.012904018617397206,6.322856471785533,6.309952453168136
8.6,0.012903581294086308,6.322856034462222,6.309952453168136
8.61,0.01290314622684452,6.32285559939498,6.309952453168136
8.62,0.012902713420989365,6.322855166589125,6.309952453168136
8.63,0.012902282881678495,6.322854736049814,6.309952453168136
8.64,0.012901854613915908,6.322854307782052,6.309952453168136
8.65,0.012901428622546618,6.3228538817906825,6.309952453168136
8.66,0.01290100491226287,6.322853458080399,6.309952453168136
8.67,0.012900583487597928,6.322853036655734,6.309952453168136
8.68,0.012900164352929622,6.3228526175210655,6.309952453168136
8.69,0.012899747512483906,6.32285220068062,6.309952453168136
8.7,0.012899332970335742,6.322851786138472,6.309952453168136
8.71,0.012898920730402885,6.322851373898539,6.309952453168136
8.72,0.012898510796454765,6.322850963964591,6.309952453168136
8.73,0.012898103172106268,6.322850556340242,6.309952453168136
8.74,0.012897697860821289,6.322850151028957,6.309952453168136
8.75,0.01289729486591984,6.322849748034056,6.309952453168136
8.76,0.012896894190565611,6.3228493473587015,6.309952453168136
8.77,0.012896495837781963,6.322848949005918,6.309952453168136
8.78,0.012896099810435935,6.322848552978572,6.309952453168136
8.79,0.012895706111258676,6.322848159279395,6.309952453168136
8.8,0.012895314742825015,6.322847767910961,6.309952453168136
8.81,0.012894925707570337,6.322847378875706,6.309952453168136
8.82,0.012894539007786143,6.322846992175922,6.309952453168136
8.83,0.01289415464561916,6.322846607813755,6.309952453168136
8.84,0.012893772623070454,6.322846225791206,6.309952453168136
8.85,0.012893392942001647,6.322845846110138,6.309952453168136
8.86,0.012893015604137581,6.3228454687722735,6.309952453168136
8.87,0.01289264061106099,6.322845093779197,6.309952453168136
8.88,0.012892267964207171,6.322844721132343,6.309952453168136
8.89,0.012891897664881746,6.322844350833018,6.309952453168136
8.9,0.012891529714250005,6.322843982882386,6.309952453168136
8.91,0.012891164113340459,6.322843617281476,6.309952453168136
8.92,0.012890800863044838,6.322843254031181,6.309952453168136
8.93,0.012890439964123424,6.322842893132259,6.309952453168136
8.94,0.012890081417195276,6.322842534585331,6.309952453168136
8.95,0.012889725222753334,6.322842178390889,6.309952453168136
8.96,0.012889371381156423,6.322841824549292,6.309952453168136
8.97,0.012889019892625697,6.322841473060762,6.309952453168136
8.98,0.012888670757257081,6.322841123925393,6.309952453168136
8.99,0.012888323975013272,6.322840777143149,6.309952453168136
9.0,0.012887979545729067,6.322840432713865,6.309952453168136
9.01,0.012887637469115809,6.322840090637252,6.309952453168136
9.02,0.01288729774474806,6.322839750912884,6.309952453168136
9.03,0.012886960372081369,6.322839413540217,6.309952453168136
9.04,0.01288662535044427,6.32283907851858,6.309952453168136
9.05,0.012886292679042732,6.322838745847179,6.309952453168136
9.06,0.012885962356945946,6.322838415525082,6.309952453168136
9.07,0.01288563438312007,6.322838087551256,6.309952453168136
9.08,0.012885308756396263,6.322837761924532,6.309952453168136
9.09,0.01288498547548489,6.322837438643621,6.309952453168136
9.1,0.012884664538982626,6.3228371177071185,6.309952453168136
9.11,0.012884345945362696,6.322836799113499,6.309952453168136
9.12,0.012884029692979304,6.322836482861115,6.309952453168136
9.13,0.012883715780071192,6.322836168948207,6.309952453168136
9.14,0.01288340420476164,6.3228358573728976,6.309952453168136
9.15,0.012883094965053132,6.322835548133189,6.309952453168136
9.16,0.012882788058838024,6.322835241226974,6.309952453168136
9.17,0.012882483483893203,6.322834936652029,6.309952453168136
9.18,0.012882181237885426,6.322834634406021,6.309952453168136
9.19,0.012881881318366872,6.322834334486503,6.309952453168136
9.2,0.012881583722777812,6.322834036890914,6.309952453168136
9.21,0.01288128844845371,6.32283374161659,6.309952453168136
9.22,0.012880995492614566,6.3228334486607505,6.309952453168136
9.23,0.012880704852373803,6.32283315802051,6.309952453168136
9.24,0.012880416524739147,6.322832869692875,6.309952453168136
9.25,0.012880130506614407,6.32283258367475,6.309952453168136
9.26,0.01287984679479326,6.322832299962929,6.309952453168136
9.27,0.012879565385963687,6.3228320185541,6.309952453168136
9.28,0.012879286276720414,6.322831739444856,6.309952453168136
9.29,0.012879009463545366,6.322831462631681,6.309952453168136
9.3,0.012878734942821879,6.322831188110958,6.309952453168136
9.31,0.012878462710831151,6.322830915878967,6.309952453168136
9.32,0.012878192763762009,6.322830645931898,6.309952453168136
9.33,0.01287792509769492,6.322830378265831,6.309952453168136
9.34,0.012877659708618872,6.322830112876755,6.309952453168136
9.35,0.012877396592423374,6.322829849760559,6.309952453168136
9.36,0.012877135744905566,6.3228295889130415,6.309952453168136
9.37,0.012876877161763112,6.322829330329899,6.309952453168136
9.38,0.012876620838603081,6.322829074006739,6.309952453168136
9.39,0.01287636677093662,6.3228288199390725,6.309952453168136
9.4,0.012876114954182505,6.322828568122318,6.309952453168136
9.41,0.012875865383674245,6.32282831855181,6.309952453168136
9.42,0.01287561805464943,6.322828071222785,6.309952453168136
9.43,0.012875372962256826,6.322827826130393,6.309952453168136
9.44,0.01287513010155994,6.322827583269696,6.309952453168136
9.45,0.012874889467535233,6.322827342635671,6.309952453168136
9.46,0.012874651055069464,6.322827104223205,6.309952453168136
9.47,0.012874414858965899,6.322826868027102,6.309952453168136
9.48,0.012874180873944319,6.32282663404208,6.309952453168136
9.49,0.012873949094634796,6.322826402262771,6.309952453168136
9.5,0.012873719515594573,6.3228261726837305,6.309952453168136
9.51,0.012873492131292075,6.322825945299428,6.309952453168136
9.52,0.012873266936122896,6.322825720104259,6.309952453168136
9.53,0.012873043924391148,6.322825497092527,6.309952453168136
9.54,0.012872823090331664,6.322825276258468,6.309952453168136
9.55,0.012872604428094014,6.32282505759623,6.309952453168136
9.56,0.012872387931763818,6.3228248410999,6.309952453168136
9.57,0.012872173595332548,6.3228246267634685,6.309952453168136
9.58,0.012871961412732169,6.322824414580868,6.309952453168136
9.59,0.01287175137782004,6.322824204545956,6.309952453168136
9.6,0.012871543484362924,6.322823996652499,6.309952453168136
9.61,0.01287133772607607,6.322823790894212,6.309952453168136
9.62,0.012871134096591241,6.322823587264727,6.309952453168136
9.63,0.01287093258947447,6.32282338575761,6.309952453168136
9.64,0.012870733198222517,6.322823186366358,6.309952453168136
9.65,0.012870535916259307,6.322822989084395,6.309952453168136
9.66,0.012870340736948371,6.322822793905084,6.309952453168136
9.67,0.01287014765358041,6.322822600821716,6.309952453168136
9.68,0.012869956659383952,6.32282240982752,6.309952453168136
9.69,0.012869767747520022,6.322822220915656,6.309952453168136
9.7,0.012869580911086587,6.3228220340792225,6.309952453168136
9.71,0.012869396143117662,6.322821849311254,6.309952453168136
9.72,0.012869213436585092,6.322821666604721,6.309952453168136
9.73,0.012869032784405654,6.322821485952542,6.309952453168136
9.74,0.01286885417942596,6.322821307347562,6.309952453168136
9.75,0.012868677614443769,6.32282113078258,6.309952453168136
9.76,0.012868503082189342,6.322820956250325,6.309952453168136
9.77,0.012868330575339648,6.322820783743476,6.309952453168136
9.78,0.01286816008651126,6.322820613254647,6.309952453168136
9.79,0.012867991608264795,6.322820444776401,6.309952453168136
9.8,0.012867825133114685,6.322820278301251,6.309952453168136
9.81,0.012867660653513191,6.322820113821649,6.309952453168136
9.82,0.012867498161859281,6.322819951329995,6.309952453168136
9.83,0.012867337650506627,6.3228197908186425,6.309952453168136
9.84,0.012867179111749394,6.322819632279885,6.309952453168136
9.85,0.012867022537832007,6.322819475705968,6.309952453168136
9.86,0.01286686792095626,6.322819321089092,6.309952453168136
9.87,0.012866715253266214,6.322819168421402,6.309952453168136
9.88,0.012866564526858859,6.322819017694995,6.309952453168136
9.89,0.012866415733790326,6.322818868901926,6.309952453168136
9.9,0.012866268866070563,6.3228187220342065,6.309952453168136
9.91,0.012866123915654448,6.32281857708379,6.309952453168136
9.92,0.012865980874463112,6.322818434042599,6.309952453168136
9.93,0.012865839734366169,6.322818292902502,6.309952453168136
9.94,0.012865700487193266,6.322818153655329,6.309952453168136
9.95,0.012865563124735857,6.322818016292872,6.309952453168136
9.96,0.01286542763873566,6.322817880806872,6.309952453168136
9.97,0.012865294020900642,6.3228177471890366,6.309952453168136
9.98,0.012865162262896135,6.322817615431032,6.309952453168136
9.99,0.012865032356351058,6.322817485524487,6.309952453168136
10.0,0.012864904290638357,6.322817357458774,6.309952453168136
