t_s,V_pu,delta_V_pu,V_initial_pu
0.0,1.0383886296490026,0.0,1.0383886296490026
0.01,1.0383886296490026,0.0,1.0383886296490026
0.02,1.0383886296490028,2.220446049250313e-16,1.0383886296490026
0.03,1.0383886296490026,0.0,1.0383886296490026
0.04,1.0383886296490026,0.0,1.0383886296490026
0.05,1.0383886296490026,0.0,1.0383886296490026
0.06,1.0383886296490026,0.0,1.0383886296490026
0.07,1.0383886296490026,0.0,1.0383886296490026
0.08,1.0383886296490026,0.0,1.0383886296490026
0.09,1.0383886296490026,0.0,1.0383886296490026
0.1,1.0383886296490026,0.0,1.0383886296490026
0.11,1.0381511752426358,-0.00023745440636679938,1.0383886296490026
0.12,1.03815023221729,-0.0002383974317126114,1.0383886296490026
0.13,1.0381209775295874,-0.00026765211941515155,1.0383886296490026
0.14,1.0381158027449404,-0.00027282690406216226,1.0383886296490026
0.15,1.0381144718850588,-0.0002741577639437942,1.0383886296490026
0.16,1.0381142600754298,-0.0002743695735727414,1.0383886296490026
0.17,1.0381150525593745,-0.00027357708962805205,1.0383886296490026
0.18,1.0381176196413575,-0.0002710100076450672,1.0383886296490026
0.19,1.0381206697216914,-0.0002679599273112121,1.0383886296490026
0.2,1.0381243718875792,-0.00026425776142335877,1.0383886296490026
0.21,1.0381283471475922,-0.00026028250141041376,1.0383886296490026
0.22,1.038132583940128,-0.0002560457088744972,1.0383886296490026
0.23,1.0381369438108006,-0.0002516858382020093,1.0383886296490026
0.24,1.0381414105762254,-0.0002472190727771384,1.0383886296490026
0.25,1.038145954821239,-0.00024267482776352267,1.0383886296490026
0.26,1.038150588110465,-0.00023804153853768106,1.0383886296490026
0.27,1.0381553272315864,-0.000233302417416148,1.0383886296490026
0.28,1.0381602028457353,-0.0002284268032672898,1.0383886296490026
0.29,1.0381652492064348,-0.00022338044256775547,1.0383886296490026
0.3,1.038170503084434,-0.00021812656456865476,1.0383886296490026
0.31,1.0381759998843159,-0.00021262976468672257,1.0383886296490026
0.32,1.0381817719202866,-0.00020685772871598118,1.0383886296490026
0.33,1.0381878467109904,-0.0002007829380121784,1.0383886296490026
0.34,1.0381942460599924,-0.00019438358901013864,1.0383886296490026
0.35,1.0382009854600258,-0.0001876441889767655,1.0383886296490026
0.36,1.038208073926162,-0.00018055572284048083,1.0383886296490026
0.37,1.0382155141264802,-0.0001731155225224157,1.0383886296490026
0.38,1.0382233027823622,-0.00016532686664039176,1.0383886296490026
0.39,1.0382314311961993,-0.0001571984528032644,1.0383886296490026
0.4,1.0382398858999353,-0.0001487437490672594,1.0383886296490026
0.41,1.0382486493659533,-0.00013998028304929022,1.0383886296490026
0.42,1.0382577007479399,-0.00013092890106269905,1.0383886296490026
0.43,1.0382670165953534,-0.0001216130536492166,1.0383886296490026
0.44,1.0382765715135012,-0.00011205813550141386,1.0383886296490026
0.45,1.0382863387599568,-0.00010229088904578632,1.0383886296490026
0.46,1.038296290781392,-9.23388676106196e-5,1.0383886296490026
0.47,1.038306399676954,-8.222997204865301e-5,1.0383886296490026
0.48,1.0383166375588362,-7.199209016639507e-5,1.0383886296490026
0.49,1.038326976828535,-6.165282046755038e-5,1.0383886296490026
0.5,1.038337390407261,-5.123924174155192e-5,1.0383886296490026
0.51,1.038347851906682,-4.077774232058573e-5,1.0383886296490026
0.52,1.0383583357252548,-3.029392374775952e-5,1.0383886296490026
0.53,1.0383688170917877,-1.9812557214837767e-5,1.0383886296490026
0.54,1.0383792721004759,-9.357548526711668e-6,1.0383886296490026
0.55,1.0383896777259756,1.0480769729870332e-6,1.0383886296490026
0.56,1.0384000118065595,1.1382157556916184e-5,1.0383886296490026
0.57,1.0384102530088604,2.1623359857780855e-5,1.0383886296490026
0.58,1.0384203808035375,3.1751154534909176e-5,1.0383886296490026
0.59,1.0384303754575488,4.1745808546211904e-5,1.0383886296490026
0.6,1.0384402180228256,5.1588373823019396e-5,1.0383886296490026
0.61,1.0384498903111128,6.126066211020742e-5,1.0383886296490026
0.62,1.0384593748948547,7.074524585215514e-5,1.0383886296490026
0.63,1.0384686551313913,8.002548238872365e-5,1.0383886296490026
0.64,1.0384777151850968,8.908553609421332e-5,1.0383886296490026
0.65,1.0384865400537553,9.791040475271018e-5,1.0383886296490026
0.66,1.0384951155867443,0.00010648593774176263,1.0383886296490026
0.67,1.0385034285358865,0.0001147988868839267,1.0383886296490026
0.68,1.0385114666126118,0.000122836963609263,1.0383886296490026
0.69,1.0385192185100052,0.0001305888610025896,1.0383886296490026
0.7,1.0385266739534649,0.00013804430446229254,1.0383886296490026
0.71,1.0385338237301733,0.00014519408117075194,1.0383886296490026
0.72,1.0385406597317908,0.0001520300827881904,1.0383886296490026
0.73,1.0385471749860125,0.0001585453370098744,1.0383886296490026
0.74,1.0385533636647244,0.00016473401572181245,1.0383886296490026
0.75,1.0385592211041548,0.00017059145515219143,1.0383886296490026
0.76,1.0385647438100345,0.00017611416103191502,1.0383886296490026
0.77,1.0385699294560267,0.00018129980702408233,1.0383886296490026
0.78,1.038574776872974,0.00018614722397147787,1.0383886296490026
0.79,1.038579286023562,0.0001906563745595058,1.0383886296490026
0.8,1.038583457975026,0.0001948283260233552,1.0383886296490026
0.81,1.0385872948811108,0.0001986652321082083,1.0383886296490026
0.82,1.0385907999342001,0.00020217028519753377,1.0383886296490026
0.83,1.0385939773053985,0.00020534765639590447,1.0383886296490026
0.84,1.0385968321039967,0.00020820245499408863,1.0383886296490026
0.85,1.038599370336106,0.00021074068710347227,1.0383886296490026
0.86,1.0386015988393207,0.0002129691903181019,1.0383886296490026
0.87,1.038603525207043,0.0002148955580403289,1.0383886296490026
0.88,1.0386051577349196,0.00021652808591698935,1.0383886296490026
0.89,1.038606505370885,0.00021787572188247672,1.0383886296490026
0.9,1.0386075776462662,0.0002189479972636299,1.0383886296490026
0.91,1.0386083845968446,0.000219754947841988,1.0383886296490026
0.92,1.0386089367063824,0.0002203070573798538,1.0383886296490026
0.93,1.038609244850993,0.00022061520199034845,1.0383886296490026
0.94,1.038609320241827,0.00022069059282436854,1.0383886296490026
0.95,1.0386091743521684,0.00022054470316579255,1.0383886296490026
0.96,1.0386088188590752,0.00022018921007260772,1.0383886296490026
0.97,1.0386082655915827,0.00021963594258012087,1.0383886296490026
0.98,1.0386075264869827,0.0002188968379801537,1.0383886296490026
0.99,1.0386066135314618,0.00021798388245919398,1.0383886296490026
1.0,1.0386055386957818,0.000216909046779179,1.0383886296490026
1.01,1.0386043139089525,0.0002156842599498887,1.0383886296490026
1.02,1.0386029510047274,0.00021432135572485578,1.0383886296490026
1.03,1.0386014616836494,0.0002128320346468371,1.0383886296490026
1.04,1.0385998574690176,0.00021122782001503637,1.0383886296490026
1.05,1.0385981496659693,0.0002095200169667244,1.0383886296490026
1.06,1.0385963493371904,0.00020771968818777964,1.0383886296490026
1.07,1.0385944672650362,0.00020583761603365502,1.0383886296490026
1.08,1.0385925139204781,0.00020388427147555177,1.0383886296490026
1.09,1.0385904994361705,0.0002018697871679631,1.0383886296490026
1.1,1.0385884335842137,0.00019980393521112916,1.0383886296490026
1.11,1.038586325753902,0.00019769610489950296,1.0383886296490026
1.12,1.0385841849295798,0.00019555528057724203,1.0383886296490026
1.13,1.0385820196720421,0.00019339002303953023,1.0383886296490026
1.14,1.038579838107115,0.00019120845811237963,1.0383886296490026
1.15,1.0385776479130544,0.0001890182640518212,1.0383886296490026
1.16,1.0385754563083598,0.00018682665935720877,1.0383886296490026
1.17,1.038573270044115,0.00018464039511245645,1.0383886296490026
1.18,1.0385710953981355,0.0001824657491329429,1.0383886296490026
1.19,1.0385689381735599,0.0001803085245573044,1.0383886296490026
1.2,1.0385668037001463,0.0001781740511437313,1.0383886296490026
1.21,1.0385646968312392,0.00017606718223661666,1.0383886296490026
1.22,1.0385626219453692,0.00017399229636660962,1.0383886296490026
1.23,1.038560582955427,0.00017195330642438833,1.0383886296490026
1.24,1.0385585833212967,0.00016995367229410974,1.0383886296490026
1.25,1.0385566260514096,0.0001679964024070557,1.0383886296490026
1.26,1.0385547137088578,0.00016608405985518715,1.0383886296490026
1.27,1.0385528484369035,0.00016421878790096045,1.0383886296490026
1.28,1.0385510319662106,0.00016240231720798803,1.0383886296490026
1.29,1.0385492656324358,0.0001606359834331883,1.0383886296490026
1.3,1.0385475503870043,0.00015892073800172213,1.0383886296490026
1.31,1.0385458868190705,0.00015725717006787043,1.0383886296490026
1.32,1.038544275180096,0.00015564553109337353,1.0383886296490026
1.33,1.0385427153949838,0.00015408574598119174,1.0383886296490026
1.34,1.0385412070832296,0.0001525774342270303,1.0383886296490026
1.35,1.0385397495824886,0.00015111993348604358,1.0383886296490026
1.36,1.0385383419685754,0.0001497123195728367,1.0383886296490026
1.37,1.038536983080157,0.00014835343115437993,1.0383886296490026
1.38,1.0385356715334275,0.0001470418844249366,1.0383886296490026
1.39,1.0385344057471007,0.00014577609809807157,1.0383886296490026
1.4,1.0385331839662064,0.0001445543172038377,1.0383886296490026
1.41,1.0385320042817032,0.00014337463270064355,1.0383886296490026
1.42,1.0385308646485574,0.00014223499955479113,1.0383886296490026
1.43,1.0385297629086807,0.00014113325967812784,1.0383886296490026
1.44,1.0385286968098737,0.0001400671608711157,1.0383886296490026
1.45,1.038527664027456,0.00013903437845352862,1.0383886296490026
1.46,1.0385266621796228,0.00013803253062016907,1.0383886296490026
1.47,1.038525688844757,0.0001370591957543521,1.0383886296490026
1.48,1.0385247415804157,0.00013611193141316313,1.0383886296490026
1.49,1.0385238179406717,0.0001351882916691416,1.0383886296490026
1.5,1.0385229154881066,0.00013428583910402025,1.0383886296490026
1.51,1.0385220318081674,0.00013340215916479714,1.0383886296490026
1.52,1.0385211645228276,0.00013253487382502982,1.0383886296490026
1.53,1.0385203113050927,0.00013168165609012128,1.0383886296490026
1.54,1.0385194698887865,0.00013084023978393589,1.0383886296490026
1.55,1.0385186380760625,0.00013000842705990223,1.0383886296490026
1.56,1.0385178137482582,0.00012918409925566365,1.0383886296490026
1.57,1.0385169948764106,0.0001283652274080005,1.0383886296490026
1.58,1.0385161795272206,0.0001275498782180584,1.0383886296490026
1.59,1.0385153658662096,0.0001267362172070463,1.0383886296490026
1.6,1.0385145521658106,0.00012592251680798583,1.0383886296490026
1.61,1.0385137368087913,0.00012510715978875098,1.0383886296490026
1.62,1.038512918293783,0.00012428864478031265,1.0383886296490026
1.63,1.038512095234955,0.00012346558595233148,1.0383886296490026
1.64,1.0385112663632525,0.00012263671424994627,1.0383886296490026
1.65,1.0385104305296844,0.0001218008806818105,1.0383886296490026
1.66,1.0385095867053444,0.00012095705634185272,1.0383886296490026
1.67,1.0385087339802042,0.00012010433120157593,1.0383886296490026
1.68,1.0385078715599332,0.00011924191093060088,1.0383886296490026
1.69,1.0385069987654147,0.00011836911641216474,1.0383886296490026
1.7,1.0385061150328088,0.00011748538380618179,1.0383886296490026
1.71,1.0385052199068714,0.00011659025786880939,1.0383886296490026
1.72,1.0385043130390885,0.00011568339008594108,1.0383886296490026
1.73,1.0385033941828627,0.00011476453386016772,1.0383886296490026
1.74,1.0385024631900182,0.0001138335410155733,1.0383886296490026
1.75,1.0385015200066556,0.00011289035765305044,1.0383886296490026
1.76,1.0385005646663548,0.0001119350173521827,1.0383886296490026
1.77,1.038499597285925,0.00011096763692242106,1.0383886296490026
1.78,1.0384986180601246,0.0001099884111219751,1.0383886296490026
1.79,1.0384976272559876,0.00010899760698501737,1.0383886296490026
1.8,1.038496625206607,0.00010799555760443447,1.0383886296490026
1.81,1.038495612305304,0.00010698265630137982,1.0383886296490026
1.82,1.0384945890001653,0.00010595935116275434,1.0383886296490026
1.83,1.0384935557883552,0.00010492613935264572,1.0383886296490026
1.84,1.0384925132097114,0.00010388356070878402,1.0383886296490026
1.85,1.0384914618409344,0.00010283219193185644,1.0383886296490026
1.86,1.038490402290388,0.00010177264138544473,1.0383886296490026
1.87,1.038489335192477,0.00010070554347452187,1.0383886296490026
1.88,1.0384882612024622,9.96315534596004e-5,1.0383886296490026
1.89,1.038487180990891,9.855134188851977e-5,1.0383886296490026
1.9,1.0384860952384323,9.746558942969052e-5,1.0383886296490026
1.91,1.0384850046317484,9.637498274583933e-5,1.0383886296490026
1.92,1.038483909859531,9.528021052851443e-5,1.0383886296490026
1.93,1.0384828116074707,9.418195846810917e-5,1.0383886296490026
1.94,1.0384817105534796,9.308090447701645e-5,1.0383886296490026
1.95,1.0384806073661845,9.19777171819458e-5,1.0383886296490026
1.96,1.0384795027005458,9.087305154320546e-5,1.0383886296490026
1.97,1.0384783971946563,8.976754565370726e-5,1.0383886296490026
1.98,1.0384772914670095,8.866181800692985e-5,1.0383886296490026
1.99,1.0384761861145964,8.755646559377439e-5,1.0383886296490026
2.0,1.0384750817108803,8.64520618777398e-5,1.0383886296490026
2.01,1.0384739788035104,8.534915450786329e-5,1.0383886296490026
2.02,1.03847287791279,8.424826378750083e-5,1.0383886296490026
2.03,1.0384717795309117,8.31498819091614e-5,1.0383886296490026
2.04,1.0384706841210753,8.205447207276784e-5,1.0383886296490026
2.05,1.038469592116741,8.096246773847682e-5,1.0383886296490026
2.06,1.0384685039208237,7.987427182110096e-5,1.0383886296490026
2.07,1.0384674199058084,7.87902568057941e-5,1.0383886296490026
2.08,1.0384663404143466,7.7710765344019e-5,1.0383886296490026
2.09,1.0384652657592508,7.663611024821826e-5,1.0383886296490026
2.1,1.0384641962236096,7.556657460705551e-5,1.0383886296490026
2.11,1.038463132061683,7.450241268047719e-5,1.0383886296490026
2.12,1.0384620735003391,7.344385133656317e-5,1.0383886296490026
2.13,1.038461020739582,7.23910905793268e-5,1.0383886296490026
2.14,1.0384599739538565,7.134430485389309e-5,1.0383886296490026
2.15,1.0384589332929637,7.030364396110045e-5,1.0383886296490026
2.16,1.038457898883945,6.926923494243731e-5,1.0383886296490026
2.17,1.0384568708326638,6.824118366122178e-5,1.0383886296490026
2.18,1.0384558492249012,6.721957589861383e-5,1.0383886296490026
2.19,1.0384548341279691,6.620447896654724e-5,1.0383886296490026
2.2,1.0384538255924547,6.51959434521121e-5,1.0383886296490026
2.21,1.0384528236542234,6.419400522084118e-5,1.0383886296490026
2.22,1.0384518283358388,6.319868683624108e-5,1.0383886296490026
2.23,1.0384508396478196,6.220999881700884e-5,1.0383886296490026
2.24,1.0384498575905312,6.122794152862987e-5,1.0383886296490026
2.25,1.0384488821562528,6.0252507250169174e-5,1.0383886296490026
2.26,1.0384479133304456,5.92836814430342e-5,1.0383886296490026
2.27,1.038446951092764,5.8321443761499836e-5,1.0383886296490026
2.28,1.0384459954190937,5.7365770091077906e-5,1.0383886296490026
2.29,1.0384450462827233,5.641663372069061e-5,1.0383886296490026
2.3,1.0384441036558623,5.547400685967929e-5,1.0383886296490026
2.31,1.0384431675106633,5.453786166076391e-5,1.0383886296490026
2.32,1.0384422378200309,5.360817102828541e-5,1.0383886296490026
2.33,1.038441314559199,5.268491019649879e-5,1.0383886296490026
2.34,1.0384403977066008,5.176805759821157e-5,1.0383886296490026
2.35,1.0384394872444451,5.085759544254387e-5,1.0383886296490026
2.36,1.038438583159458,4.995351045544716e-5,1.0383886296490026
2.37,1.0384376854436017,4.905579459912879e-5,1.0383886296490026
2.38,1.0384367940947405,4.8164445737963746e-5,1.0383886296490026
2.39,1.0384359091171325,4.7279468129879376e-5,1.0383886296490026
2.4,1.0384350305211314,4.640087212881561e-5,1.0383886296490026
2.41,1.0384341583240992,4.552867509666214e-5,1.0383886296490026
2.42,1.0384332925502744,4.466290127180805e-5,1.0383886296490026
2.43,1.0384324332309571,4.380358195454903e-5,1.0383886296490026
2.44,1.038431580404235,4.29507552324182e-5,1.0383886296490026
2.45,1.038430734114999,4.210446599639539e-5,1.0383886296490026
2.46,1.0384298944148145,4.1264765811899196e-5,1.0383886296490026
2.47,1.038429061361627,4.043171262435585e-5,1.0383886296490026
2.48,1.0384282350193492,3.9605370346640356e-5,1.0383886296490026
2.49,1.0384274154575144,3.878580851179869e-5,1.0383886296490026
2.5,1.038426602750904,3.7973101901345174e-5,1.0383886296490026
2.51,1.0384257969790611,3.716733005854067e-5,1.0383886296490026
2.52,1.0384249982257985,3.636857679589767e-5,1.0383886296490026
2.53,1.0384242065784322,3.557692942957047e-5,1.0383886296490026
2.54,1.0384234221274768,3.479247847426592e-5,1.0383886296490026
2.55,1.038422644966007,3.4015317004421064e-5,1.0383886296490026
2.56,1.038421875188978,3.32455399754128e-5,1.0383886296490026
2.57,1.0384211128926335,3.248324363092081e-5,1.0383886296490026
2.58,1.0384203581738782,3.172852487565159e-5,1.0383886296490026
2.59,1.0384196111297452,3.098148074265339e-5,1.0383886296490026
2.6,1.0384188718568437,3.024220784109133e-5,1.0383886296490026
2.61,1.038418140450676,2.9510801673460207e-5,1.0383886296490026
2.62,1.0384174170049818,2.8787355979220663e-5,1.0383886296490026
2.63,1.038416701611493,2.8071962490328062e-5,1.0383886296490026
2.64,1.038415994359282,2.7364710279309534e-5,1.0383886296490026
2.65,1.0384152953342283,2.6665685225690794e-5,1.0383886296490026
2.66,1.038414604618612,2.5974969609432463e-5,1.0383886296490026
2.67,1.0384139222907847,2.5292641782082015e-5,1.0383886296490026
2.68,1.0384132484247988,2.4618775796181325e-5,1.0383886296490026
2.69,1.0384125830900102,2.3953441007584786e-5,1.0383886296490026
2.7,1.0384119263507936,2.329670179102017e-5,1.0383886296490026
2.71,1.038411278266368,2.264861736533952e-5,1.0383886296490026
2.72,1.038410638890611,2.200924160833395e-5,1.0383886296490026
2.73,1.0384100082718728,2.137862287021619e-5,1.0383886296490026
2.74,1.0384093864528068,2.075680380420053e-5,1.0383886296490026
2.75,1.0384087734703353,2.0143821332752054e-5,1.0383886296490026
2.76,1.0384081693557028,1.9539706700211212e-5,1.0383886296490026
2.77,1.0384075741344212,1.894448541861493e-5,1.0383886296490026
2.78,1.0384069878262323,1.835817722972699e-5,1.0383886296490026
2.79,1.0384064104453037,1.7780796301103408e-5,1.0383886296490026
2.8,1.0384058420002868,1.7212351284268124e-5,1.0383886296490026
2.81,1.038405282494509,1.66528455063375e-5,1.0383886296490026
2.82,1.038404731926079,1.610227707637968e-5,1.0383886296490026
2.83,1.0384041902881138,1.5560639111233954e-5,1.0383886296490026
2.84,1.038403657568969,1.5027919966437153e-5,1.0383886296490026
2.85,1.0384031337524762,1.4504103473589325e-5,1.0383886296490026
2.86,1.0384026188181992,1.398916919659321e-5,1.0383886296490026
2.87,1.0384021127416796,1.348309267701353e-5,1.0383886296490026
2.88,1.038401615494743,1.2985845740498547e-5,1.0383886296490026
2.89,1.0384011270458107,1.2497396808086592e-5,1.0383886296490026
2.9,1.038400647360203,1.2017711200407177e-5,1.0383886296490026
2.91,1.0384001764003588,1.154675135617289e-5,1.0383886296490026
2.92,1.0383997141261827,1.1084477180123287e-5,1.0383886296490026
2.93,1.0383992604954178,1.0630846415171646e-5,1.0383886296490026
2.94,1.0383988154638932,1.0185814890650846e-5,1.0383886296490026
2.95,1.038398378985735,9.749336732367553e-6,1.0383886296490026
2.96,1.0383979510136978,9.321364695225043e-6,1.0383886296490026
2.97,1.0383975314995095,8.90185050694825e-6,1.0383886296490026
2.98,1.0383971203940925,8.490745089906326e-6,1.0383886296490026
2.99,1.038396717647709,8.087998706329813e-6,1.0383886296490026
3.0,1.0383963232102817,7.693561279165095e-6,1.0383886296490026
3.01,1.038395937031612,7.30738260945607e-6,1.0383886296490026
3.02,1.0383955590615506,6.929412547984626e-6,1.0383886296490026
3.03,1.0383951892501728,6.559601170241791e-6,1.0383886296490026
3.04,1.0383948275479349,6.1978989323030476e-6,1.0383886296490026
3.05,1.0383944739058124,5.844256809828252e-6,1.0383886296490026
3.06,1.0383941282754596,5.4986264570455745e-6,1.0383886296490026
3.07,1.0383937906092642,5.1609602615965144e-6,1.0383886296490026
3.08,1.0383934608604373,4.831211434686011e-6,1.0383886296490026
3.09,1.0383931389830883,4.5093340856894315e-6,1.0383886296490026
3.1,1.038392824932278,4.195283275443273e-6,1.0383886296490026
3.11,1.038392518664034,3.889015031344201e-6,1.0383886296490026
3.12,1.0383922201353617,3.5904863591174063e-6,1.0383886296490026
3.13,1.0383919293042232,3.299655220612152e-6,1.0383886296490026
3.14,1.038391646129557,3.016480554451917e-6,1.0383886296490026
3.15,1.0383913705712209,2.7409222183027993e-6,1.0383886296490026
3.16,1.0383911025899328,2.472940930253742e-6,1.0383886296490026
3.17,1.03839084214722,2.212498217524228e-6,1.0383886296490026
3.18,1.0383905892053624,1.9595563598429067e-6,1.0383886296490026
3.19,1.038390343727305,1.714078302406108e-6,1.0383886296490026
3.2,1.038390105676569,1.4760275663938671e-6,1.0383886296490026
3.21,1.0383898750171485,1.245368145941228e-6,1.0383886296490026
3.22,1.0383896517134257,1.0220644230951592e-6,1.0383886296490026
3.23,1.038389435730081,8.060810783305783e-7,1.0383886296490026
3.24,1.0383892270319595,5.973829568794997e-7,1.0383886296490026
3.25,1.0383890255839678,3.959349652582489e-7,1.0383886296490026
3.26,1.0383888313509835,2.01701980895308e-7,1.0383886296490026
3.27,1.0383886442977412,1.4648738666522831e-8,1.0383886296490026
3.28,1.0383884643887336,-1.6526026902496938e-7,1.0383886296490026
3.29,1.0383882915880993,-3.3806090327104243e-7,1.0383886296490026
3.3,1.0383881258595133,-5.037894892367945e-7,1.0383886296490026
3.31,1.0383879671661334,-6.624828692292084e-7,1.0383886296490026
3.32,1.0383878154704917,-8.141785108328747e-7,1.0383886296490026
3.33,1.0383876707344026,-9.589145999466808e-7,1.0383886296490026
3.34,1.0383875329188956,-1.0967301069531032e-6,1.0383886296490026
3.35,1.0383874019841641,-1.2276648384546007e-6,1.0383886296490026
3.36,1.0383872778894976,-1.3517595049972186e-6,1.0383886296490026
3.37,1.0383871605932253,-1.469055777247874e-6,1.0383886296490026
3.38,1.0383870500526695,-1.579596333067812e-6,1.0383886296490026
3.39,1.0383869462241266,-1.6834248759423076e-6,1.0383886296490026
3.4,1.0383868490628463,-1.7805861562969483e-6,1.0383886296490026
3.41,1.0383867585229962,-1.8711260063586366e-6,1.0383886296490026
3.42,1.0383866745576555,-1.955091347038973e-6,1.0383886296490026
3.43,1.038386597118828,-2.03253017461158e-6,1.0383886296490026
3.44,1.0383865261574514,-2.1034915511641827e-6,1.0383886296490026
3.45,1.0383864616233989,-2.168025603710433e-6,1.0383886296490026
3.46,1.0383864034655117,-2.2261834908832157e-6,1.0383886296490026
3.47,1.038386351631626,-2.278017376511343e-6,1.0383886296490026
3.48,1.0383863060686118,-2.323580390761748e-6,1.0383886296490026
3.49,1.0383862667224188,-2.362926583732161e-6,1.0383886296490026
3.5,1.038386233538115,-2.396110887481484e-6,1.0383886296490026
3.51,1.0383862064599478,-2.423189054745478e-6,1.0383886296490026
3.52,1.0383861854313958,-2.4442176067562826e-6,1.0383886296490026
3.53,1.038386170395235,-2.459253767517211e-6,1.0383886296490026
3.54,1.038386161293596,-2.4683554065152435e-6,1.0383886296490026
3.55,1.0383861580680334,-2.4715809692210655e-6,1.0383886296490026
3.56,1.0383861606595894,-2.4689894131402212e-6,1.0383886296490026
3.57,1.0383861690088703,-2.4606401323179483e-6,1.0383886296490026
3.58,1.0383861830561136,-2.4465928889494393e-6,1.0383886296490026
3.59,1.0383862027412456,-2.426907756980512e-6,1.0383886296490026
3.6,1.0383862280039593,-2.401645043281775e-6,1.0383886296490026
3.61,1.0383862587837887,-2.370865213929818e-6,1.0383886296490026
3.62,1.0383862950201663,-2.3346288362535716e-6,1.0383886296490026
3.63,1.03838633665248,-2.2929965226570204e-6,1.0383886296490026
3.64,1.038386383620139,-2.246028863561733e-6,1.0383886296490026
3.65,1.038386435862644,-2.1937863585730355e-6,1.0383886296490026
3.66,1.0383864933196278,-2.1363293747356238e-6,1.0383886296490026
3.67,1.0383865559309085,-2.0737180941310385e-6,1.0383886296490026
3.68,1.0383866236365384,-2.0060124641396726e-6,1.0383886296490026
3.69,1.0383866963768458,-1.933272156806609e-6,1.0383886296490026
3.7,1.0383867740924826,-1.8555565199918078e-6,1.0383886296490026
3.71,1.0383868567244487,-1.772924553833377e-6,1.0383886296490026
3.72,1.0383869442141198,-1.685434882769954e-6,1.0383886296490026
3.73,1.0383870365032832,-1.593145719347433e-6,1.0383886296490026
3.74,1.038387133534157,-1.4961148455672202e-6,1.0383886296490026
3.75,1.0383872352494015,-1.3943996011178683e-6,1.0383886296490026
3.76,1.0383873415921316,-1.2880568709405793e-6,1.0383886296490026
3.77,1.0383874525059322,-1.1771430703522157e-6,1.0383886296490026
3.78,1.0383875679348566,-1.061714145933479e-6,1.0383886296490026
3.79,1.0383876878234277,-9.418255748627757e-7,1.0383886296490026
3.8,1.0383878121166337,-8.175323689130209e-7,1.0383886296490026
3.81,1.038387940759923,-6.888890795586633e-7,1.0383886296490026
3.82,1.038388073699192,-5.55949810632228e-7,1.0383886296490026
3.83,1.0383882108807732,-4.187682294265471e-7,1.0383886296490026
3.84,1.0383883522514177,-2.7739758490241684e-7,1.0383886296490026
3.85,1.0383884977582762,-1.318907263403446e-7,1.0383886296490026
3.86,1.0383886473488841,1.7699881560417907e-8,1.0383886296490026
3.87,1.0383888009711333,1.713221307042545e-7,1.0383886296490026
3.88,1.0383889585732453,3.2892424273178733e-7,1.0383886296490026
3.89,1.038389120103758,4.904547554751559e-7,1.0383886296490026
3.9,1.03838928551149,6.558624874308805e-7,1.0383886296490026
3.91,1.0383894547455172,8.250965146672229e-7,1.0383886296490026
3.92,1.0383896277551472,9.981061446229234e-7,1.0383886296490026
3.93,1.0383898044898918,1.1748408892398032e-6,1.0383886296490026
3.94,1.0383899848994407,1.3552504380953678e-6,1.0383886296490026
3.95,1.0383901689336343,1.5392846317574538e-6,1.0383886296490026
3.96,1.0383903565424468,1.7268934442427053e-6,1.0383886296490026
3.97,1.0383905476759503,1.918026947711482e-6,1.0383886296490026
3.98,1.0383907422843006,2.1126352980349594e-6,1.0383886296490026
3.99,1.0383909403177118,2.3106687092599998e-6,1.0383886296490026
4.0,1.0383911417264424,2.512077439842386e-6,1.0383886296490026
4.01,1.0383913464607717,2.7168117691100946e-6,1.0383886296490026
4.02,1.0383915544709863,2.924821983718573e-6,1.0383886296490026
4.03,1.0383917657073658,3.136058363217842e-6,1.0383886296490026
4.04,1.0383919801201713,3.3504711687282196e-6,1.0383886296490026
4.05,1.0383921976596353,3.5680106327262706e-6,1.0383886296490026
4.06,1.0383924182759536,3.7886269510511994e-6,1.0383886296490026
4.07,1.0383926419192806,4.012270278019869e-6,1.0383886296490026
4.08,1.0383928685397241,4.2388907215418214e-6,1.0383886296490026
4.09,1.038393098087348,4.46843834533972e-6,1.0383886296490026
4.1,1.0383933305121686,4.700863166062774e-6,1.0383886296490026
4.11,1.0383935657641594,4.936115156839449e-6,1.0383886296490026
4.12,1.0383938037932565,5.174144253938806e-6,1.0383886296490026
4.13,1.0383940445493636,5.41490036098935e-6,1.0383886296490026
4.14,1.0383942879823627,5.658333360081258e-6,1.0383886296490026
4.15,1.038394534042121,5.90439311842772e-6,1.0383886296490026
4.16,1.038394782678506,6.153029503463969e-6,1.0383886296490026
4.17,1.0383950338413945,6.4041923919511134e-6,1.0383886296490026
4.18,1.0383952874806912,6.65783168862788e-6,1.0383886296490026
4.19,1.0383955435463395,6.913897336868757e-6,1.0383886296490026
4.2,1.0383958019883406,7.172339338001876e-6,1.0383886296490026
4.21,1.0383960627567694,7.433107766852132e-6,1.0383886296490026
4.22,1.0383963258017936,7.696152791059063e-6,1.0383886296490026
4.23,1.038396591073689,7.961424686397933e-6,1.0383886296490026
4.24,1.0383968585228602,8.22887385765192e-6,1.0383886296490026
4.25,1.0383971280998596,8.498450857041817e-6,1.0383886296490026
4.26,1.0383973997554046,8.770106401989608e-6,1.0383886296490026
4.27,1.038397673440397,9.04379139443634e-6,1.0383886296490026
4.28,1.03839794910594,9.319456937495474e-6,1.0383886296490026
4.29,1.0383982267033605,9.597054357879387e-6,1.0383886296490026
4.3,1.038398506184221,9.87653521833387e-6,1.0383886296490026
4.31,1.0383987875003413,1.0157851338732371e-5,1.0383886296490026
4.32,1.0383990706038126,1.0440954810064795e-5,1.0383886296490026
4.33,1.0383993554470128,1.072579801020268e-5,1.0383886296490026
4.34,1.0383996419826234,1.1012333620774584e-5,1.0383886296490026
4.35,1.0383999301636404,1.1300514637824222e-5,1.0383886296490026
4.36,1.0384002199433908,1.1590294388241773e-5,1.0383886296490026
4.37,1.0384005112755408,1.1881626538201573e-5,1.0383886296490026
4.38,1.0384008041141093,1.2174465106706833e-5,1.0383886296490026
4.39,1.0384010984134764,1.2468764473805294e-5,1.0383886296490026
4.4,1.0384013941283932,1.276447939058123e-5,1.0383886296490026
4.41,1.0384016912139868,1.3061564984262475e-5,1.0383886296490026
4.42,1.0384019896257703,1.3359976767768345e-5,1.0383886296490026
4.43,1.0384022893196452,1.3659670642596211e-5,1.0383886296490026
4.44,1.0384025902519065,1.3960602903928532e-5,1.0383886296490026
4.45,1.0384028923792474,1.4262730244851696e-5,1.0383886296490026
4.46,1.0384031956587596,1.4566009757022158e-5,1.0383886296490026
4.47,1.038403500047935,1.4870398932442797e-5,1.0383886296490026
4.48,1.0384038055046672,1.5175855664573135e-5,1.0383886296490026
4.49,1.0384041119872485,1.548233824588685e-5,1.0383886296490026
4.5,1.0384044194543705,1.578980536787178e-5,1.0383886296490026
4.51,1.0384047278651238,1.609821612125195e-5,1.0383886296490026
4.52,1.0384050371789886,1.6407529985995595e-5,1.0383886296490026
4.53,1.0384053473558383,1.671770683575602e-5,1.0383886296490026
4.54,1.038405658355934,1.7028706931432325e-5,1.0383886296490026
4.55,1.0384059701399149,1.734049091228762e-5,1.0383886296490026
4.56,1.0384062826688008,1.7653019798169467e-5,1.0383886296490026
4.57,1.0384065959039817,1.796625497907378e-5,1.0383886296490026
4.58,1.0384069098072146,1.8280158212036213e-5,1.0383886296490026
4.59,1.0384072243406173,1.859469161469285e-5,1.0383886296490026
4.6,1.0384075394666632,1.890981766061728e-5,1.0383886296490026
4.61,1.0384078551481744,1.9225499171771077e-5,1.0383886296490026
4.62,1.038408171348315,1.9541699312508598e-5,1.0383886296490026
4.63,1.0384084880305895,1.9858381586912444e-5,1.0383886296490026
4.64,1.0384088051588327,2.017550983013372e-5,1.0383886296490026
4.65,1.0384091226972059,2.0493048203285014e-5,1.0383886296490026
4.66,1.0384094406101914,2.0810961188777455e-5,1.0383886296490026
4.67,1.0384097588625887,2.112921358610187e-5,1.0383886296490026
4.68,1.0384100774195066,2.1447770504057218e-5,1.0383886296490026
4.69,1.038410396246363,2.176659736052855e-5,1.0383886296490026
4.7,1.0384107153088775,2.208565987493749e-5,1.0383886296490026
4.71,1.038411034573068,2.2404924065355658e-5,1.0383886296490026
4.72,1.0384113540052495,2.272435624695035e-5,1.0383886296490026
4.73,1.0384116735720301,2.3043923027543656e-5,1.0383886296490026
4.74,1.0384119932403075,2.3363591304947917e-5,1.0383886296490026
4.75,1.0384123129772678,2.3683328265189374e-5,1.0383886296490026
4.76,1.0384126327503838,2.4003101381175895e-5,1.0383886296490026
4.77,1.0384129525274153,2.432287841269698e-5,1.0383886296490026
4.78,1.0384132722764048,2.464262740220491e-5,1.0383886296490026
4.79,1.0384135919656803,2.4962316677701324e-5,1.0383886296490026
4.8,1.038413911563854,2.5281914851404963e-5,1.0383886296490026
4.81,1.0384142310398214,2.560139081886348e-5,1.0383886296490026
4.82,1.0384145503627658,2.5920713763172287e-5,1.0383886296490026
4.83,1.0384148695021542,2.62398531516439e-5,1.0383886296490026
4.84,1.0384151884277428,2.6558778740248812e-5,1.0383886296490026
4.85,1.0384155071095766,2.6877460574059597e-5,1.0383886296490026
4.86,1.0384158255179925,2.719586898991544e-5,1.0383886296490026
4.87,1.038416143623618,2.751397461531191e-5,1.0383886296490026
4.88,1.0384164613973783,2.7831748375728438e-5,1.0383886296490026
4.89,1.0384167788104945,2.814916149196378e-5,1.0383886296490026
4.9,1.03841709583449,2.846618548746349e-5,1.0383886296490026
4.91,1.0384174124411882,2.878279218565538e-5,1.0383886296490026
4.92,1.038417728602719,2.909895371638882e-5,1.0383886296490026
4.93,1.0384180442915207,2.9414642518155176e-5,1.0383886296490026
4.94,1.0384183594803407,2.972983133808782e-5,1.0383886296490026
4.95,1.0384186741422405,3.0044493237957326e-5,1.0383886296490026
4.96,1.0384189882505974,3.035860159483761e-5,1.0383886296490026
4.97,1.0384193017791072,3.0672130104658635e-5,1.0383886296490026
4.98,1.0384196147017837,3.09850527810962e-5,1.0383886296490026
4.99,1.0384199269929661,3.129734396356554e-5,1.0383886296490026
5.0,1.0384202386273178,3.160897831522291e-5,1.0383886296490026
5.01,1.0384205495798287,3.191993082607425e-5,1.0383886296490026
5.02,1.0384208598258167,3.2230176814085354e-5,1.0383886296490026
5.03,1.0384211693409298,3.2539691927180314e-5,1.0383886296490026
5.04,1.0384214781011485,3.284845214590604e-5,1.0383886296490026
5.05,1.0384217860827827,3.315643378010158e-5,1.0383886296490026
5.06,1.0384220932624793,3.346361347666971e-5,1.0383886296490026
5.07,1.0384223996172164,3.3769968213803736e-5,1.0383886296490026
5.08,1.0384227051243071,3.407547530454025e-5,1.0383886296490026
5.09,1.0384230097613996,3.438011239698113e-5,1.0383886296490026
5.1,1.038423313506475,3.468385747251723e-5,1.0383886296490026
5.11,1.0384236163378513,3.498668884871492e-5,1.0383886296490026
5.12,1.0384239182341763,3.5288585173764986e-5,1.0383886296490026
5.13,1.0384242191744337,3.5589525431145574e-5,1.0383886296490026
5.14,1.0384245191379384,3.5889488935847425e-5,1.0383886296490026
5.15,1.0384248181043354,3.618845533281956e-5,1.0383886296490026
5.16,1.0384251160535993,3.6486404596747235e-5,1.0383886296490026
5.17,1.0384254129660337,3.6783317031163776e-5,1.0383886296490026
5.18,1.0384257088222668,3.707917326423171e-5,1.0383886296490026
5.19,1.0384260036032522,3.737395424963097e-5,1.0383886296490026
5.2,1.0384262972902651,3.766764126256206e-5,1.0383886296490026
5.21,1.0384265898649012,3.796021589863585e-5,1.0383886296490026
5.22,1.0384268813090751,3.825166007254133e-5,1.0383886296490026
5.23,1.0384271716050166,3.854195601404875e-5,1.0383886296490026
5.24,1.0384274607352668,3.8831086264234926e-5,1.0383886296490026
5.25,1.0384277486826798,3.911903367725955e-5,1.0383886296490026
5.26,1.038428035430417,3.940578141437001e-5,1.0383886296490026
5.27,1.038428320961946,3.969131294345729e-5,1.0383886296490026
5.28,1.0384286052610356,3.997561203306077e-5,1.0383886296490026
5.29,1.0384288883117563,4.025866275370049e-5,1.0383886296490026
5.3,1.0384291700984767,4.05404494741024e-5,1.0383886296490026
5.31,1.0384294506058582,4.082095685564724e-5,1.0383886296490026
5.32,1.038429729818856,4.110016985348075e-5,1.0383886296490026
5.33,1.0384300077227162,4.137807371362712e-5,1.0383886296490026
5.34,1.0384302843029691,4.165465396654966e-5,1.0383886296490026
5.35,1.0384305595454317,4.192989642914924e-5,1.0383886296490026
5.36,1.038430833436203,4.220378720032336e-5,1.0383886296490026
5.37,1.0384311059616607,4.247631265807961e-5,1.0383886296490026
5.38,1.038431377108461,4.2747459458425396e-5,1.0383886296490026
5.39,1.038431646863535,4.301721453248142e-5,1.0383886296490026
5.4,1.0384319152140868,4.328556508426118e-5,1.0383886296490026
5.41,1.0384321821475915,4.355249858889465e-5,1.0383886296490026
5.42,1.0384324476517914,4.3818002788853505e-5,1.0383886296490026
5.43,1.0384327117146976,4.4082065695061345e-5,1.0383886296490026
5.44,1.0384329743245855,4.43446755828969e-5,1.0383886296490026
5.45,1.038433235469993,4.4605820990417655e-5,1.0383886296490026
5.46,1.0384334951397203,4.4865490717693746e-5,1.0383886296490026
5.47,1.0384337533228263,4.5123673823699306e-5,1.0383886296490026
5.48,1.0384340100086293,4.538035962675657e-5,1.0383886296490026
5.49,1.0384342651867022,4.5635537699650897e-5,1.0383886296490026
5.5,1.038434518846875,4.588919787251733e-5,1.0383886296490026
5.51,1.03843477097923,4.6141330227511546e-5,1.0383886296490026
5.52,1.038435021574102,4.6391925099475984e-5,1.0383886296490026
5.53,1.0384352706220772,4.664097307460757e-5,1.0383886296490026
5.54,1.0384355181139915,4.688846498890342e-5,1.0383886296490026
5.55,1.038435764040929,4.713439192638447e-5,1.0383886296490026
5.56,1.038436008394221,4.737874521842933e-5,1.0383886296490026
5.57,1.038436251165444,4.7621516441331835e-5,1.0383886296490026
5.58,1.0384364923464215,4.786269741896554e-5,1.0383886296490026
5.59,1.0384367319292185,4.810228021590035e-5,1.0383886296490026
5.6,1.0384369699061433,4.83402571407332e-5,1.0383886296490026
5.61,1.0384372062697462,4.857662074364555e-5,1.0383886296490026
5.62,1.038437441012816,4.8811363813516806e-5,1.0383886296490026
5.63,1.0384376741283827,4.904447938014478e-5,1.0383886296490026
5.64,1.0384379056097126,4.927596071002682e-5,1.0383886296490026
5.65,1.0384381354503092,4.950580130658189e-5,1.0383886296490026
5.66,1.0384383636439103,4.9733994907708023e-5,1.0383886296490026
5.67,1.038438590184489,4.996053548644852e-5,1.0383886296490026
5.68,1.0384388150662507,5.0185417248105324e-5,1.0383886296490026
5.69,1.0384390382836322,5.04086346295729e-5,1.0383886296490026
5.7,1.0384392598313,5.063018229733984e-5,1.0383886296490026
5.71,1.0384394797041496,5.085005514704477e-5,1.0383886296490026
5.72,1.0384396978973045,5.1068248301922026e-5,1.0383886296490026
5.73,1.0384399144061116,5.128475710902691e-5,1.0383886296490026
5.74,1.0384401292261436,5.1499577141012054e-5,1.0383886296490026
5.75,1.038440342353196,5.1712704193462855e-5,1.0383886296490026
5.76,1.0384405537832841,5.1924134281566836e-5,1.0383886296490026
5.77,1.038440763512642,5.21338636394475e-5,1.0383886296490026
5.78,1.0384409715377232,5.234188872060841e-5,1.0383886296490026
5.79,1.0384411778551947,5.254820619216005e-5,1.0383886296490026
5.8,1.0384413824619387,5.275281293615208e-5,1.0383886296490026
5.81,1.038441585355049,5.295570604646471e-5,1.0383886296490026
5.82,1.0384417865318294,5.31568828268103e-5,1.0383886296490026
5.83,1.0384419859897915,5.335634078895701e-5,1.0383886296490026
5.84,1.0384421837266549,5.3554077652284704e-5,1.0383886296490026
5.85,1.038442379740341,5.3750091338455874e-5,1.0383886296490026
5.86,1.0384425740289747,5.394437997208179e-5,1.0383886296490026
5.87,1.0384427665908804,5.413694187783591e-5,1.0383886296490026
5.88,1.0384429574245821,5.4327775579565696e-5,1.0383886296490026
5.89,1.0384431465287987,5.451687979607378e-5,1.0383886296490026
5.9,1.0384433339024413,5.4704253438675465e-5,1.0383886296490026
5.91,1.0384435195446167,5.4889895614085304e-5,1.0383886296490026
5.92,1.0384437034546175,5.507380561486919e-5,1.0383886296490026
5.93,1.0384438856319262,5.525598292366318e-5,1.0383886296490026
5.94,1.0384440660762093,5.543642720673425e-5,1.0383886296490026
5.95,1.0384442447873172,5.561513831464637e-5,1.0383886296490026
5.96,1.0384444217652815,5.579211627892988e-5,1.0383886296490026
5.97,1.0384445970103122,5.5967361309638974e-5,1.0383886296490026
5.98,1.0384447705227964,5.61408737937974e-5,1.0383886296490026
5.99,1.0384449423032955,5.6312654292955955e-5,1.0383886296490026
6.0,1.0384451123525444,5.6482703541860246e-5,1.0383886296490026
6.01,1.0384452806714461,5.665102244356568e-5,1.0383886296490026
6.02,1.0384454472610753,5.681761207276814e-5,1.0383886296490026
6.03,1.0384456121226704,5.6982473667810396e-5,1.0383886296490026
6.04,1.0384457752576348,5.714560863223639e-5,1.0383886296490026
6.05,1.0384459366675347,5.730701853212672e-5,1.0383886296490026
6.06,1.038446096354095,5.746670509232388e-5,1.0383886296490026
6.07,1.0384462543192003,5.7624670197764516e-5,1.0383886296490026
6.08,1.0384464105648907,5.7780915888150375e-5,1.0383886296490026
6.09,1.03844656509336,5.7935444357504196e-5,1.0383886296490026
6.1,1.0384467179069559,5.808825795328154e-5,1.0383886296490026
6.11,1.0384468690081738,5.823935917126377e-5,1.0383886296490026
6.12,1.0384470183996601,5.838875065755644e-5,1.0383886296490026
6.13,1.0384471660842065,5.8536435203926374e-5,1.0383886296490026
6.14,1.0384473120647502,5.86824157475796e-5,1.0383886296490026
6.15,1.0384474563443704,5.8826695367830695e-5,1.0383886296490026
6.16,1.0384475989262885,5.896927728588075e-5,1.0383886296490026
6.17,1.038447739813864,5.911016486148668e-5,1.0383886296490026
6.18,1.038447879010595,5.924936159251715e-5,1.0383886296490026
6.19,1.0384480165201144,5.938687111184393e-5,1.0383886296490026
6.2,1.0384481523461908,5.952269718823011e-5,1.0383886296490026
6.21,1.0384482864927225,5.965684371989077e-5,1.0383886296490026
6.22,1.0384484189637404,5.978931473782367e-5,1.0383886296490026
6.23,1.0384485497634042,5.9920114401590396e-5,1.0383886296490026
6.24,1.0384486788959995,6.004924699687386e-5,1.0383886296490026
6.25,1.0384488063659387,6.017671693614446e-5,1.0383886296490026
6.26,1.038448932177758,6.0302528755329377e-5,1.0383886296490026
6.27,1.0384490563361146,6.042668711203625e-5,1.0383886296490026
6.28,1.0384491788457875,6.0549196784887016e-5,1.0383886296490026
6.29,1.0384492997116734,6.06700626708534e-5,1.0383886296490026
6.3,1.0384494189387883,6.078928978570097e-5,1.0383886296490026
6.31,1.0384495365322608,6.090688325821603e-5,1.0383886296490026
6.32,1.0384496524973361,6.102284833353622e-5,1.0383886296490026
6.33,1.0384497668393702,6.113719036759946e-5,1.0383886296490026
6.34,1.038449879563831,6.124991482847619e-5,1.0383886296490026
6.35,1.038449990676294,6.13610272914844e-5,1.0383886296490026
6.36,1.0384501001824433,6.147053344074394e-5,1.0383886296490026
6.37,1.0384502080880682,6.157843906562377e-5,1.0383886296490026
6.38,1.0384503143990633,6.168475006074203e-5,1.0383886296490026
6.39,1.0384504191214234,6.178947242085897e-5,1.0383886296490026
6.4,1.0384505222612463,6.189261224376352e-5,1.0383886296490026
6.41,1.0384506238247297,6.19941757271647e-5,1.0383886296490026
6.42,1.0384507238181664,6.209416916380661e-5,1.0383886296490026
6.43,1.0384508222479472,6.219259894457707e-5,1.0383886296490026
6.44,1.0384509191205558,6.228947155317854e-5,1.0383886296490026
6.45,1.0384510144425707,6.238479356812654e-5,1.0383886296490026
6.46,1.0384511082206591,6.247857165653237e-5,1.0383886296490026
6.47,1.0384512004615805,6.257081257787789e-5,1.0383886296490026
6.48,1.0384512911721795,6.26615231769101e-5,1.0383886296490026
6.49,1.038451380359389,6.275071038652769e-5,1.0383886296490026
6.5,1.0384514680302255,6.283838122289609e-5,1.0383886296490026
6.51,1.038451554191788,6.292454278544746e-5,1.0383886296490026
6.52,1.0384516388512584,6.300920225577045e-5,1.0383886296490026
6.53,1.038451722015897,6.30923668945016e-5,1.0383886296490026
6.54,1.038451803693042,6.317404403932692e-5,1.0383886296490026
6.55,1.0384518838901107,6.325424110809053e-5,1.0383886296490026
6.56,1.0384519626145916,6.333296558902468e-5,1.0383886296490026
6.57,1.0384520398740484,6.34102250458568e-5,1.0383886296490026
6.58,1.0384521156761168,6.348602711425677e-5,1.0383886296490026
6.59,1.0384521900285022,6.356037949961646e-5,1.0383886296490026
6.6,1.0384522629389779,6.36332899752734e-5,1.0383886296490026
6.61,1.0384523344153853,6.370476638273281e-5,1.0383886296490026
6.62,1.0384524044656298,6.377481662722673e-5,1.0383886296490026
6.63,1.0384524730976814,6.384344867882419e-5,1.0383886296490026
6.64,1.0384525403195721,6.391067056954469e-5,1.0383886296490026
6.65,1.0384526061393966,6.397649039402431e-5,1.0383886296490026
6.66,1.038452670565304,6.404091630152209e-5,1.0383886296490026
6.67,1.0384527336055067,6.41039565041357e-5,1.0383886296490026
6.68,1.0384527952682696,6.416561926703146e-5,1.0383886296490026
6.69,1.0384528555619132,6.422591291066482e-5,1.0383886296490026
6.7,1.0384529144948123,6.428484580967009e-5,1.0383886296490026
6.71,1.0384529720753912,6.434242638864163e-5,1.0383886296490026
6.72,1.0384530283121274,6.439866312479836e-5,1.0383886296490026
6.73,1.038453083213544,6.445356454132245e-5,1.0383886296490026
6.74,1.0384531367882144,6.450713921180018e-5,1.0383886296490026
6.75,1.0384531890447561,6.455939575356062e-5,1.0383886296490026
6.76,1.0384532399918334,6.461034283078426e-5,1.0383886296490026
6.77,1.038453289638151,6.465998914850779e-5,1.0383886296490026
6.78,1.0384533379924572,6.470834345462251e-5,1.0383886296490026
6.79,1.0384533850635407,6.475541453809797e-5,1.0383886296490026
6.8,1.0384534308602293,6.480121122676152e-5,1.0383886296490026
6.81,1.0384534753913877,6.48457423850779e-5,1.0383886296490026
6.82,1.0384535186659183,6.488901691570348e-5,1.0383886296490026
6.83,1.0384535606927585,6.493104375593362e-5,1.0383886296490026
6.84,1.0384536014808796,6.497183187703648e-5,1.0383886296490026
6.85,1.0384536410392844,6.501139028181058e-5,1.0383886296490026
6.86,1.038453679377009,6.504972800636111e-5,1.0383886296490026
6.87,1.0384537165031182,6.508685411565907e-5,1.0383886296490026
6.88,1.038453752426706,6.51227777033192e-5,1.0383886296490026
6.89,1.038453787156894,6.515750789137797e-5,1.0383886296490026
6.9,1.0384538207028307,6.519105382807311e-5,1.0383886296490026
6.91,1.038453853073689,6.522342468651132e-5,1.0383886296490026
6.92,1.038453884278668,6.525462966533446e-5,1.0383886296490026
6.93,1.0384539143269866,6.528467798405657e-5,1.0383886296490026
6.94,1.038453943227886,6.531357888350797e-5,1.0383886296490026
6.95,1.038453970990631,6.53413416284998e-5,1.0383886296490026
6.96,1.0384539976245022,6.536797549960838e-5,1.0383886296490026
6.97,1.0384540231387995,6.539348979694992e-5,1.0383886296490026
6.98,1.038454047542841,6.541789383840424e-5,1.0383886296490026
6.99,1.0384540708459593,6.544119695672812e-5,1.0383886296490026
7.0,1.0384540930575028,6.546340850022148e-5,1.0383886296490026
7.01,1.0384541141868335,6.548453783095098e-5,1.0383886296490026
7.02,1.0384541342433258,6.550459432319578e-5,1.0383886296490026
7.03,1.038454153236366,6.552358736344743e-5,1.0383886296490026
7.04,1.0384541711753503,6.554152634774546e-5,1.0383886296490026
7.05,1.0384541880696856,6.555842068300954e-5,1.0383886296490026
7.06,1.0384542039287865,6.557427978393093e-5,1.0383886296490026
7.07,1.038454218762075,6.558911307252835e-5,1.0383886296490026
7.08,1.0384542325789785,6.560292997592754e-5,1.0383886296490026
7.09,1.038454245388932,6.56157399294699e-5,1.0383886296490026
7.1,1.0384542572013724,6.562755236982909e-5,1.0383886296490026
7.11,1.0384542680257407,6.563837673811967e-5,1.0383886296490026
7.12,1.0384542778714816,6.564822247900892e-5,1.0383886296490026
7.13,1.0384542867480393,6.565709903672001e-5,1.0383886296490026
7.14,1.0384542946648585,6.566501585592022e-5,1.0383886296490026
7.15,1.038454301631384,6.567198238149885e-5,1.0383886296490026
7.16,1.038454307657059,6.567800805634683e-5,1.0383886296490026
7.17,1.0384543127513228,6.568310232024643e-5,1.0383886296490026
7.18,1.038454316923613,6.568727461031543e-5,1.0383886296490026
7.19,1.0384543201833605,6.56905343578984e-5,1.0383886296490026
7.2,1.0384543225399927,6.56928909901211e-5,1.0383886296490026
7.21,1.0384543240029311,6.569435392855816e-5,1.0383886296490026
7.22,1.0384543245815876,6.569493258501424e-5,1.0383886296490026
7.23,1.0384543242853679,6.569463636529882e-5,1.0383886296490026
7.24,1.0384543231236676,6.56934746650073e-5,1.0383886296490026
7.25,1.0384543211058734,6.569145687085332e-5,1.0383886296490026
7.26,1.038454318241361,6.568859235844826e-5,1.0383886296490026
7.27,1.0384543145394938,6.568489049119108e-5,1.0383886296490026
7.28,1.0384543100096226,6.568036062004623e-5,1.0383886296490026
7.29,1.0384543046610863,6.56750120837657e-5,1.0383886296490026
7.3,1.0384542985032081,6.566885420555835e-5,1.0383886296490026
7.31,1.0384542915452977,6.566189629508834e-5,1.0383886296490026
7.32,1.0384542837966473,6.565414764470034e-5,1.0383886296490026
7.33,1.0384542752665338,6.564561753119591e-5,1.0383886296490026
7.34,1.0384542659642166,6.56363152140571e-5,1.0383886296490026
7.35,1.0384542558989365,6.562624993389221e-5,1.0383886296490026
7.36,1.0384542450799157,6.561543091310185e-5,1.0383886296490026
7.37,1.0384542335163565,6.560386735388057e-5,1.0383886296490026
7.38,1.038454221217441,6.559156843843894e-5,1.0383886296490026
7.39,1.0384542081923303,6.557854332767121e-5,1.0383886296490026
7.4,1.038454194450163,6.556480116048924e-5,1.0383886296490026
7.41,1.038454180000056,6.555035105337836e-5,1.0383886296490026
7.42,1.0384541648511025,6.553520209995334e-5,1.0383886296490026
7.43,1.0384541490123715,6.551936336895992e-5,1.0383886296490026
7.44,1.038454132492907,6.55028439044969e-5,1.0383886296490026
7.45,1.0384541153017295,6.548565272690432e-5,1.0383886296490026
7.46,1.0384540974478307,6.54677988281005e-5,1.0383886296490026
7.47,1.0384540789401782,6.544929117557885e-5,1.0383886296490026
7.48,1.038454059787711,6.543013870841108e-5,1.0383886296490026
7.49,1.0384540399993396,6.541035033702514e-5,1.0383886296490026
7.5,1.0384540195839482,6.538993494564771e-5,1.0383886296490026
7.51,1.0384539985503891,6.536890138653106e-5,1.0383886296490026
7.52,1.038453976907487,6.534725848439393e-5,1.0383886296490026
7.53,1.0384539546640348,6.532501503220267e-5,1.0383886296490026
7.54,1.0384539318287955,6.530217979294761e-5,1.0383886296490026
7.55,1.0384539084105007,6.527876149808876e-5,1.0383886296490026
7.56,1.0384538844178488,6.52547688462235e-5,1.0383886296490026
7.57,1.0384538598595068,6.523021050419686e-5,1.0383886296490026
7.58,1.0384538347441072,6.5205095104659e-5,1.0383886296490026
7.59,1.038453809080251,6.517943124850767e-5,1.0383886296490026
7.6,1.0384537828765028,6.515322750022534e-5,1.0383886296490026
7.61,1.0384537561413936,6.512649239098778e-5,1.0383886296490026
7.62,1.038453728883419,6.509923441644361e-5,1.0383886296490026
7.63,1.0384537011110386,6.507146203604819e-5,1.0383886296490026
7.64,1.038453672832676,6.50431836735077e-5,1.0383886296490026
7.65,1.0384536440567196,6.501440771700118e-5,1.0383886296490026
7.66,1.0384536147915167,6.49851425140735e-5,1.0383886296490026
7.67,1.038453585045382,6.495539637940695e-5,1.0383886296490026
7.68,1.0384535548265883,6.492517758571736e-5,1.0383886296490026
7.69,1.0384535241433714,6.489449436886119e-5,1.0383886296490026
7.7,1.0384534930039298,6.486335492716933e-5,1.0383886296490026
7.71,1.0384534614164183,6.483176741567398e-5,1.0383886296490026
7.72,1.0384534293889562,6.479973995365818e-5,1.0383886296490026
7.73,1.0384533969296212,6.476728061866055e-5,1.0383886296490026
7.74,1.03845336404645,6.473439744736353e-5,1.0383886296490026
7.75,1.0384533307474377,6.470109843514926e-5,1.0383886296490026
7.76,1.03845329704054,6.466739153743184e-5,1.0383886296490026
7.77,1.0384532629336691,6.463328466654872e-5,1.0383886296490026
7.78,1.0384532284346963,6.45987856937591e-5,1.0383886296490026
7.79,1.0384531935514505,6.456390244791166e-5,1.0383886296490026
7.8,1.0384531582917158,6.452864271322412e-5,1.0383886296490026
7.81,1.0384531226632354,6.449301423283593e-5,1.0383886296490026
7.82,1.0384530866737085,6.445702470592174e-5,1.0383886296490026
7.83,1.0384530503307894,6.442068178680316e-5,1.0383886296490026
7.84,1.0384530136420902,6.438399308761333e-5,1.0383886296490026
7.85,1.0384529766151767,6.434696617407809e-5,1.0383886296490026
7.86,1.0384529392575708,6.430960856818047e-5,1.0383886296490026
7.87,1.0384529015767494,6.427192774682844e-5,1.0383886296490026
7.88,1.0384528635801438,6.42339311411888e-5,1.0383886296490026
7.89,1.0384528252751395,6.419562613690921e-5,1.0383886296490026
7.9,1.038452786669076,6.415702007345203e-5,1.0383886296490026
7.91,1.0384527477692478,6.411812024520458e-5,1.0383886296490026
7.92,1.0384527085829018,6.407893389925867e-5,1.0383886296490026
7.93,1.038452669117239,6.403946823652085e-5,1.0383886296490026
7.94,1.0384526293794127,6.399973041015805e-5,1.0383886296490026
7.95,1.0384525893765297,6.395972752715195e-5,1.0383886296490026
7.96,1.0384525491156489,6.391946664630055e-5,1.0383886296490026
7.97,1.0384525086037812,6.387895477866223e-5,1.0383886296490026
7.98,1.0384524678478915,6.383819888888809e-5,1.0383886296490026
7.99,1.0384524268548943,6.379720589166915e-5,1.0383886296490026
8.0,1.0384523856316583,6.375598265573323e-5,1.0383886296490026
8.01,1.0384523441850009,6.37145359982938e-5,1.0383886296490026
8.02,1.0384523025216936,6.367287269104516e-5,1.0383886296490026
8.03,1.0384522606484579,6.36309994552775e-5,1.0383886296490026
8.04,1.038452218571965,6.358892296232099e-5,1.0383886296490026
8.05,1.0384521762988403,6.354664983776459e-5,1.0383886296490026
8.06,1.0384521338356563,6.350418665368451e-5,1.0383886296490026
8.07,1.0384520911889383,6.346153993574966e-5,1.0383886296490026
8.08,1.0384520483651627,6.341871616011296e-5,1.0383886296490026
8.09,1.0384520053707522,6.337572174963668e-5,1.0383886296490026
8.1,1.038451962212084,6.333256308144186e-5,1.0383886296490026
8.11,1.038451918895484,6.328924648135725e-5,1.0383886296490026
8.12,1.0384518754272265,6.32457782239193e-5,1.0383886296490026
8.13,1.0384518318135365,6.320216453392646e-5,1.0383886296490026
8.14,1.0384517880605904,6.315841158777147e-5,1.0383886296490026
8.15,1.0384517441745107,6.311452550811225e-5,1.0383886296490026
8.16,1.0384517001613722,6.307051236964512e-5,1.0383886296490026
8.17,1.0384516560271984,6.302637819577406e-5,1.0383886296490026
8.18,1.0384516117779616,6.298212895905486e-5,1.0383886296490026
8.19,1.0384515674195838,6.29377705811951e-5,1.0383886296490026
8.2,1.0384515229579354,6.289330893283207e-5,1.0383886296490026
8.21,1.0384514783988372,6.284874983464306e-5,1.0383886296490026
8.22,1.0384514337480586,6.280409905601303e-5,1.0383886296490026
8.23,1.0384513890113167,6.275936231414647e-5,1.0383886296490026
8.24,1.0384513441942795,6.271454527695397e-5,1.0383886296490026
8.25,1.0384512993025632,6.266965356060972e-5,1.0383886296490026
8.26,1.038451254341732,6.262469272932947e-5,1.0383886296490026
8.27,1.0384512093173,6.257966829736894e-5,1.0383886296490026
8.28,1.03845116423473,6.25345857274695e-5,1.0383886296490026
8.29,1.0384511190994332,6.248945043063614e-5,1.0383886296490026
8.3,1.0384510739167703,6.244426776769174e-5,1.0383886296490026
8.31,1.03845102869205,6.239904304750077e-5,1.0383886296490026
8.32,1.0384509834305304,6.235378152785742e-5,1.0383886296490026
8.33,1.0384509381374183,6.230848841570769e-5,1.0383886296490026
8.34,1.038450892817869,6.22631688664832e-5,1.0383886296490026
8.35,1.038450847476987,6.221782798432329e-5,1.0383886296490026
8.36,1.038450802119825,6.217247082251909e-5,1.0383886296490026
8.37,1.0384507567513865,6.212710238395758e-5,1.0383886296490026
8.38,1.0384507113766215,6.208172761890118e-5,1.0383886296490026
8.39,1.03845066600043,6.203635142743025e-5,1.0383886296490026
8.4,1.0384506206276614,6.19909786587769e-5,1.0383886296490026
8.41,1.0384505752631132,6.194561411065891e-5,1.0383886296490026
8.42,1.0384505299115325,6.190026252994585e-5,1.0383886296490026
8.43,1.0384504845776166,6.185492861399133e-5,1.0383886296490026
8.44,1.0384504392660099,6.180961700730236e-5,1.0383886296490026
8.45,1.0384503939813075,6.176433230487e-5,1.0383886296490026
8.46,1.0384503487280525,6.171907904994889e-5,1.0383886296490026
8.47,1.03845030351074,6.167386173738798e-5,1.0383886296490026
8.48,1.0384502583338122,6.162868480963368e-5,1.0383886296490026
8.49,1.0384502132016613,6.158355265872828e-5,1.0383886296490026
8.5,1.0384501681186296,6.153846962697607e-5,1.0383886296490026
8.51,1.0384501230890086,6.149344000605517e-5,1.0383886296490026
8.52,1.0384500781170416,6.144846803901594e-5,1.0383886296490026
8.53,1.0384500332069178,6.140355791517393e-5,1.0383886296490026
8.54,1.0384499883627802,6.135871377765945e-5,1.0383886296490026
8.55,1.038449943588721,6.131393971831045e-5,1.0383886296490026
8.56,1.0384498988887811,6.12692397785608e-5,1.0383886296490026
8.57,1.0384498542669538,6.122461795121659e-5,1.0383886296490026
8.58,1.038449809727181,6.118007817845772e-5,1.0383886296490026
8.59,1.0384497652733566,6.11356243540584e-5,1.0383886296490026
8.6,1.038449720909325,6.10912603224989e-5,1.0383886296490026
8.61,1.038449676638881,6.104698987852153e-5,1.0383886296490026
8.62,1.0384496324657706,6.1002816768018775e-5,1.0383886296490026
8.63,1.0384495883936913,6.095874468869944e-5,1.0383886296490026
8.64,1.0384495444262902,6.091477728764616e-5,1.0383886296490026
8.65,1.0384495005671681,6.087091816553425e-5,1.0383886296490026
8.66,1.038449456819877,6.082717087441125e-5,1.0383886296490026
8.67,1.038449413187918,6.07835389154765e-5,1.0383886296490026
8.68,1.038449369674747,6.0740025744410175e-5,1.0383886296490026
8.69,1.038449326283771,6.0696634768486746e-5,1.0383886296490026
8.7,1.0384492830183487,6.065336934613086e-5,1.0383886296490026
8.71,1.0384492398817904,6.061023278780553e-5,1.0383886296490026
8.72,1.0384491968773615,6.056722835889872e-5,1.0383886296490026
8.73,1.0384491540082774,6.0524359274838346e-5,1.0383886296490026
8.74,1.0384491112777074,6.048162870486706e-5,1.0383886296490026
8.75,1.0384490686887748,6.043903977226428e-5,1.0383886296490026
8.76,1.0384490262445538,6.039659555123755e-5,1.0383886296490026
8.77,1.0384489839480737,6.0354299071141426e-5,1.0383886296490026
8.78,1.0384489418023168,6.031215331425699e-5,1.0383886296490026
8.79,1.0384488998102193,6.027016121668005e-5,1.0383886296490026
8.8,1.0384488579746711,6.022832566854319e-5,1.0383886296490026
8.81,1.0384488162985162,6.0186649513571666e-5,1.0383886296490026
8.82,1.0384487747845539,6.014513555130385e-5,1.0383886296490026
8.83,1.0384487334355357,6.010378653309445e-5,1.0383886296490026
8.84,1.0384486922541694,6.0062605166777416e-5,1.0383886296490026
8.85,1.038448651243118,6.00215941153337e-5,1.0383886296490026
8.86,1.0384486104049995,5.998075599689123e-5,1.0383886296490026
8.87,1.0384485697423866,5.994009338405881e-5,1.0383886296490026
8.88,1.0384485292578074,5.9899608804814264e-5,1.0383886296490026
8.89,1.038448488953746,5.985930474339263e-5,1.0383886296490026
8.9,1.0384484488326429,5.9819183640286155e-5,1.0383886296490026
8.91,1.0384484088968946,5.977924789202227e-5,1.0383886296490026
8.92,1.0384483691488535,5.973949985094151e-5,1.0383886296490026
8.93,1.0384483295908287,5.9699941826085734e-5,1.0383886296490026
8.94,1.038448290225087,5.96605760843083e-5,1.0383886296490026
8.95,1.0384482510538506,5.962140484805367e-5,1.0383886296490026
8.96,1.038448212079301,5.9582430298465994e-5,1.0383886296490026
8.97,1.038448173303576,5.9543654573390725e-5,1.0383886296490026
8.98,1.0384481347287704,5.9505079767818714e-5,1.0383886296490026
8.99,1.0384480963569387,5.9466707936106644e-5,1.0383886296490026
9.0,1.0384480581900928,5.942854109020068e-5,1.0383886296490026
9.01,1.0384480202302027,5.939058120008056e-5,1.0383886296490026
9.02,1.0384479824791968,5.9352830194203676e-5,1.0383886296490026
9.03,1.038447944938964,5.931528996150348e-5,1.0383886296490026
9.04,1.0384479076113515,5.9277962348947e-5,1.0383886296490026
9.05,1.0384478704981643,5.924084916175687e-5,1.0383886296490026
9.06,1.03844783360117,5.920395216740815e-5,1.0383886296490026
9.07,1.0384477969220942,5.91672730916315e-5,1.0383886296490026
9.08,1.0384477604626228,5.913081362018957e-5,1.0383886296490026
9.09,1.038447724224402,5.909457539932106e-5,1.0383886296490026
9.1,1.0384476882090392,5.9058560036628904e-5,1.0383886296490026
9.11,1.038447652418102,5.9022769099525974e-5,1.0383886296490026
9.12,1.0384476168531207,5.898720411812164e-5,1.0383886296490026
9.13,1.0384475815155847,5.8951866582113155e-5,1.0383886296490026
9.14,1.0384475464069465,5.891675794389428e-5,1.0383886296490026
9.15,1.0384475115286202,5.888187961766711e-5,1.0383886296490026
9.16,1.0384474768819822,5.88472329796641e-5,1.0383886296490026
9.17,1.0384474424683705,5.881281936792604e-5,1.0383886296490026
9.18,1.0384474082890869,5.877864008430045e-5,1.0383886296490026
9.19,1.0384473743453957,5.874469639310931e-5,1.0383886296490026
9.2,1.0384473406385237,5.871098952114906e-5,1.0383886296490026
9.21,1.0384473071696623,5.867752065968901e-5,1.0383886296490026
9.22,1.0384472739399655,5.864429096291701e-5,1.0383886296490026
9.23,1.0384472409505525,5.861130154993788e-5,1.0383886296490026
9.24,1.0384472082025062,5.8578553503663144e-5,1.0383886296490026
9.25,1.0384471756968727,5.8546047870144946e-5,1.0383886296490026
9.26,1.0384471434346654,5.851378566279486e-5,1.0383886296490026
9.27,1.0384471114168607,5.848176785816506e-5,1.0383886296490026
9.28,1.038447079644401,5.84499953983908e-5,1.0383886296490026
9.29,1.0384470481181949,5.841846919230065e-5,1.0383886296490026
9.3,1.0384470168391153,5.838719011275195e-5,1.0383886296490026
9.31,1.038446985808003,5.835615900040558e-5,1.0383886296490026
9.32,1.0384469550256634,5.832537666083937e-5,1.0383886296490026
9.33,1.0384469244928705,5.8294843867878754e-5,1.0383886296490026
9.34,1.0384468942103635,5.8264561360932277e-5,1.0383886296490026
9.35,1.0384468641788493,5.823452984676791e-5,1.0383886296490026
9.36,1.038446834399003,5.820475000040126e-5,1.0383886296490026
9.37,1.038446804871467,5.817522246442941e-5,1.0383886296490026
9.38,1.0384467755968514,5.814594784880889e-5,1.0383886296490026
9.39,1.0384467465757345,5.811692673196589e-5,1.0383886296490026
9.4,1.038446717808664,5.808815966146241e-5,1.0383886296490026
9.41,1.0384466892961552,5.8059647152663985e-5,1.0383886296490026
9.42,1.038446661038694,5.80313896914042e-5,1.0383886296490026
9.43,1.0384466330367348,5.800338773220837e-5,1.0383886296490026
9.44,1.0384466052907009,5.79756416982935e-5,1.0383886296490026
9.45,1.038446577800987,5.794815198445491e-5,1.0383886296490026
9.46,1.0384465505679574,5.7920918954845746e-5,1.0383886296490026
9.47,1.0384465235919464,5.7893942943865184e-5,1.0383886296490026
9.48,1.0384464968732598,5.7867224257268646e-5,1.0383886296490026
9.49,1.0384464704121736,5.7840763171057574e-5,1.0383886296490026
9.5,1.0384464442089363,5.781455993369988e-5,1.0383886296490026
9.51,1.0384464182637674,5.7788614764797686e-5,1.0383886296490026
9.52,1.038446392576857,5.7762927854421164e-5,1.0383886296490026
9.53,1.0384463671483695,5.773749936688333e-5,1.0383886296490026
9.54,1.0384463419784404,5.771232943785343e-5,1.0383886296490026
9.55,1.0384463170671776,5.76874181750231e-5,1.0383886296490026
9.56,1.0384462924146631,5.766276566054884e-5,1.0383886296490026
9.57,1.0384462680209514,5.763837194883159e-5,1.0383886296490026
9.58,1.0384462438860702,5.761423706762692e-5,1.0383886296490026
9.59,1.0384462200100217,5.759036101915527e-5,1.0383886296490026
9.6,1.0384461963927807,5.756674377810356e-5,1.0383886296490026
9.61,1.0384461730342989,5.754338529628811e-5,1.0383886296490026
9.62,1.0384461499345004,5.752028549776966e-5,1.0383886296490026
9.63,1.0384461270932848,5.749744428218406e-5,1.0383886296490026
9.64,1.0384461045105267,5.7474861524076104e-5,1.0383886296490026
9.65,1.0384460821860761,5.745253707356568e-5,1.0383886296490026
9.66,1.0384460601197596,5.743047075701391e-5,1.0383886296490026
9.67,1.0384460383113785,5.740866237591291e-5,1.0383886296490026
9.68,1.0384460167607106,5.738711170799604e-5,1.0383886296490026
9.69,1.03844599546751,5.736581850745992e-5,1.0383886296490026
9.7,1.038445974431509,5.7344782506518754e-5,1.0383886296490026
9.71,1.038445953652415,5.7324003412517754e-5,1.0383886296490026
9.72,1.0384459331299136,5.730348091104176e-5,1.0383886296490026
9.73,1.0384459128636678,5.7283214665249105e-5,1.0383886296490026
9.74,1.0384458928533185,5.726320431587162e-5,1.0383886296490026
9.75,1.038445873098485,5.724344948232485e-5,1.0383886296490026
9.76,1.038445853598764,5.722394976137579e-5,1.0383886296490026
9.77,1.0384458343537317,5.72047047291413e-5,1.0383886296490026
9.78,1.0384458153629432,5.718571394064398e-5,1.0383886296490026
9.79,1.0384457966259315,5.716697692892403e-5,1.0383886296490026
9.8,1.0384457781422112,5.7148493208591944e-5,1.0383886296490026
9.81,1.0384457599112744,5.713026227183171e-5,1.0383886296490026
9.82,1.0384457419325945,5.711228359195353e-5,1.0383886296490026
9.83,1.0384457242056242,5.709455662161744e-5,1.0383886296490026
9.84,1.0384457067297979,5.707708079527585e-5,1.0383886296490026
9.85,1.0384456895045289,5.7059855526286896e-5,1.0383886296490026
9.86,1.0384456725292124,5.7042880209801083e-5,1.0383886296490026
9.87,1.038445655803226,5.702615422342738e-5,1.0383886296490026
9.88,1.038445639325927,5.7009676924346664e-5,1.0383886296490026
9.89,1.0384456230966552,5.699344765264236e-5,1.0383886296490026
9.9,1.038445607114732,5.697746572952411e-5,1.0383886296490026
9.91,1.0384455913794617,5.696173045910413e-5,1.0383886296490026
9.92,1.038445575890131,5.694624112839719e-5,1.0383886296490026
9.93,1.0384455606460081,5.693099700554427e-5,1.0383886296490026
9.94,1.0384455456463466,5.691599734403141e-5,1.0383886296490026
9.95,1.038445530890381,5.690124137847086e-5,1.0383886296490026
9.96,1.03844551637733,5.6886728327487646e-5,1.0383886296490026
9.97,1.0384455021063974,5.687245739482982e-5,1.0383886296490026
9.98,1.038445488076769,5.685842776648187e-5,1.0383886296490026
9.99,1.0384454742876166,5.684463861399536e-5,1.0383886296490026
10.0,1.0384454607378057,5.683108880316645e-5,1.0383886296490026
